,Compound,Date,Negative,Neutral,Positive,Tweets Ago,tweet,username
0,-0.2023,Fri Oct 05 07:08:00 +0000 2018,0.847,0.153,0.0,1,.@Toyota recalling 2.4M hydrid vehicles over stalling issue (via @FoxBusiness https://t.co/2GaLzCzHVv,@foxnews
1,0.0,Fri Oct 05 07:01:00 +0000 2018,1.0,0.0,0.0,2,"Senator @ChuckGrassley: ""This person is very well-qualified ‚Äî a person who believes in the principles of due proces‚Ä¶ https://t.co/9LWxcrAj5J",@foxnews
2,0.4019,Fri Oct 05 06:53:00 +0000 2018,0.748,0.0,0.252,3,"Report details 'vulnerabilities' in industries vital to national defense, US official says https://t.co/YzR86CtxTa",@foxnews
3,-0.6124,Fri Oct 05 06:45:00 +0000 2018,0.694,0.245,0.06,4,"Senator @OrrinHatch: ""I'm disappointed in my Democratic colleagues for what they're doing. There's no excuse for it‚Ä¶ https://t.co/j7ny227I2F",@foxnews
4,0.4173,Fri Oct 05 06:38:00 +0000 2018,0.812,0.0,0.188,5,"September jobs report - will higher wages, more jobs attract workers? (via @FoxBusiness) https://t.co/OYqbd5Ca7f",@foxnews
5,0.3182,Fri Oct 05 06:31:00 +0000 2018,0.892,0.0,0.108,6,".@senatemajldr: ""What we know for sure is the @FBI report did not corroborate any of the allegations against Judge‚Ä¶ https://t.co/EwDFqhsx1B",@foxnews
6,-0.0258,Fri Oct 05 06:23:02 +0000 2018,0.61,0.221,0.169,7,Actress-model @emrata tweeted Thursday that authorities detained her at a protest against the Supreme Court nominat‚Ä¶ https://t.co/cEvxnuvqSK,@foxnews
7,0.0,Fri Oct 05 06:15:00 +0000 2018,1.0,0.0,0.0,8,"Senator @ChuckGrassley: ""Let the @FBI do what the FBI is hired to do and keep political interference out of it."" https://t.co/0mj4L6IUaX",@foxnews
8,-0.3612,Fri Oct 05 06:08:00 +0000 2018,0.865,0.135,0.0,9,.@BenAffleck breaks silence after completing third rehab stint: 'I am fighting for myself and my family' https://t.co/1E9JCShW2x,@foxnews
9,0.0,Fri Oct 05 06:01:46 +0000 2018,1.0,0.0,0.0,10,@FLOTUS Melania Trump visits a Kenyan elephant orphanage. https://t.co/2qprWC4bdg,@foxnews
10,0.7269,Fri Oct 05 06:01:00 +0000 2018,0.697,0.0,0.303,11,.@LindseyGrahamSC: ‚ÄúI‚Äôm confident the FBI did a good job. They were not hindered in any way.‚Äù https://t.co/2xfw9x8pTu,@foxnews
11,0.8316,Fri Oct 05 05:53:00 +0000 2018,0.495,0.077,0.428,12,North Carolina mom praises @olivegarden waitress for act of kindness: ‚ÄòI seriously admire you‚Äô https://t.co/IcbkfGGFgz,@foxnews
12,0.0,Fri Oct 05 05:45:00 +0000 2018,1.0,0.0,0.0,13,"Sen. @LindseyGrahamSC: ""This is the defining moment in the 2018 election."" @IngrahamAngle https://t.co/VipLkkIz9W",@foxnews
13,-0.7096,Fri Oct 05 05:37:00 +0000 2018,0.753,0.247,0.0,14,Lion named Mufasa has face and paws hacked off as four other big cats found poisoned in wildlife reserve https://t.co/syPPtucPTr,@foxnews
14,0.0,Fri Oct 05 05:30:00 +0000 2018,1.0,0.0,0.0,15,"Sen. @LindseyGrahamSC on Brett Kavanaugh: ""He's going to get on the court."" @IngrahamAngle https://t.co/EMSKzVpTiQ",@foxnews
15,0.0,Fri Oct 05 05:23:00 +0000 2018,1.0,0.0,0.0,16,"Amid Kavanaugh probe, @Alyssa_Milano now says @BillClinton 'probably should've' faced sex misconduct investigation https://t.co/zTaLSXK3zO",@foxnews
16,0.0,Fri Oct 05 05:15:00 +0000 2018,1.0,0.0,0.0,17,".@KellyannePolls: ""Now it's time to vote."" @IngrahamAngle https://t.co/pJ6hSjnfb0",@foxnews
17,-0.0772,Fri Oct 05 05:08:00 +0000 2018,0.909,0.091,0.0,18,New US nuclear bombs and futuristic stealth aircraft to provide mind-boggling military might https://t.co/yIw0JYjLYb,@foxnews
18,-0.4588,Fri Oct 05 05:00:02 +0000 2018,0.85,0.15,0.0,19,".@KelleyAshbyPaul: ‚ÄúFrom our perspective, since @RandPaul has been shot at and physically attacked in the last year‚Ä¶ https://t.co/HFnw8kTkMj",@foxnews
19,0.0,Fri Oct 05 04:52:46 +0000 2018,1.0,0.0,0.0,20,Judiciary Committee releases executive summary of supplemental FBI report on Kavanaugh https://t.co/qzrNIeP7Hv,@foxnews
20,0.3612,Fri Oct 05 04:45:00 +0000 2018,0.872,0.0,0.128,21,.@SenThomTillis: ‚ÄúI feel like what we reviewed today in the classified setting‚Ä¶even further galvanized my belief th‚Ä¶ https://t.co/XKP6b5Bjzk,@foxnews
21,0.0,Fri Oct 05 04:38:00 +0000 2018,1.0,0.0,0.0,22,"Volkswagen Beetle not driven since 1964 on sale for $1,000,000 https://t.co/7HEx0KVOT0",@foxnews
22,0.0,Fri Oct 05 04:30:00 +0000 2018,1.0,0.0,0.0,23,".@ChrisStirewalt: ‚ÄúThe Kavanaugh thing comes along, and it unites the Republican Party.‚Äù @FoxNewsNight‚Ä¶ https://t.co/jDKrvk5pzl",@foxnews
23,0.0,Fri Oct 05 04:25:41 +0000 2018,1.0,0.0,0.0,24,Mysterious hole shooting out flames in Arkansas stumps officials: We've 'ruled out' Satan https://t.co/NUMXlqMGC4,@foxnews
24,0.0,Fri Oct 05 04:15:00 +0000 2018,1.0,0.0,0.0,25,".@POTUS: ""In less than two years of Republican leadership, America has achieved the biggest comeback in our history‚Ä¶ https://t.co/PKV0zBOosY",@foxnews
25,0.0,Fri Oct 05 04:08:00 +0000 2018,1.0,0.0,0.0,26,"Honeybees, in decline for decades, finding new homes in unusual places https://t.co/0XqJuq1PrR",@foxnews
26,-0.5423,Fri Oct 05 04:01:00 +0000 2018,0.844,0.156,0.0,27,".@POTUS: ""The Democrats have been trying to destroy Judge Brett Kavanaugh since the very first second he was announ‚Ä¶ https://t.co/JTMJNhGFjq",@foxnews
27,0.7506,Fri Oct 05 03:50:00 +0000 2018,0.758,0.0,0.242,28,.@SteveDaines: ‚ÄúMy goal this weekend is to walk my daughter down the aisle and to see a new United States Supreme C‚Ä¶ https://t.co/TmDvUAo8lN,@foxnews
28,-0.1531,Fri Oct 05 03:42:00 +0000 2018,0.922,0.078,0.0,29,".@SteveDaines on his daughter‚Äôs wedding falling on same day as Kavanaugh vote: ‚ÄúA month ago, wouldn‚Äôt expect this t‚Ä¶ https://t.co/eITlPVMiCA",@foxnews
29,0.25,Fri Oct 05 03:36:00 +0000 2018,0.895,0.0,0.105,30,Democratic Rep. @BetoORourke said he doesn‚Äôt mind the fact that former President @BarackObama has endorsed 11 other‚Ä¶ https://t.co/jcKW3PnF1C,@foxnews
30,0.0,Fri Oct 05 03:30:00 +0000 2018,1.0,0.0,0.0,31,Josh Schwerin: ‚ÄúThere are dozens of people who have contacted the @FBI and said they have credible information‚Ä¶The‚Ä¶ https://t.co/Cdop5A43O6,@foxnews
31,0.0,Fri Oct 05 03:22:16 +0000 2018,1.0,0.0,0.0,32,President @realdonaldtrump arrives at Joint Base Andrews. https://t.co/ExWdumSkKB,@foxnews
32,-0.6124,Fri Oct 05 03:16:15 +0000 2018,0.643,0.357,0.0,33,Hundreds arrested as Kavanaugh protests continue all night @FoxNewsNight https://t.co/Ybry6Aycue https://t.co/v0vY2UE99p,@foxnews
33,0.0,Fri Oct 05 03:03:41 +0000 2018,1.0,0.0,0.0,34,.@Sen_JoeManchin on Kavanaugh‚Äôs FBI report @foxnewsnight https://t.co/Y8plh7Ovmx,@foxnews
34,0.0,Fri Oct 05 02:59:53 +0000 2018,1.0,0.0,0.0,35,"Lawyer for Clinton campaign and DNC gave FBI documents for Russia probe, sources say. https://t.co/3sqbW4snbT",@foxnews
35,0.0,Fri Oct 05 02:44:42 +0000 2018,1.0,0.0,0.0,36,Geese and ducks with darts through their necks photographed in Idaho park. https://t.co/WgEfO8Trxn,@foxnews
36,-0.296,Fri Oct 05 02:37:00 +0000 2018,0.833,0.167,0.0,37,"No more signs of life in Indonesia hotel rubble, rescuers say. https://t.co/yHSYOdVJEj",@foxnews
37,-0.1027,Fri Oct 05 02:27:27 +0000 2018,0.604,0.209,0.187,38,.@TuckerCarlson: The Dems' 'Full Assault on Justice System' Will Intensify in 2019. https://t.co/nxwN74X8Gv,@foxnews
38,0.34,Fri Oct 05 02:21:03 +0000 2018,0.844,0.0,0.156,39,Laurie Metcalf and John Lithgow tapped to play @HillaryClinton and @BillClinton on Broadway https://t.co/9Ga9MdBWHW,@foxnews
39,0.0,Fri Oct 05 02:16:53 +0000 2018,1.0,0.0,0.0,40,New White House counterterrorism strategy singles out 'radical Islamists' https://t.co/RMJPXeE8sQ,@foxnews
40,0.4019,Fri Oct 05 02:07:19 +0000 2018,0.748,0.0,0.252,41,Facebook executive's Kavanaugh support triggers backlash for Zuckerberg. https://t.co/5cIqH5MC77,@foxnews
41,0.4939,Fri Oct 05 01:59:00 +0000 2018,0.769,0.0,0.231,42,Lockheed Martin's huge Moon lander would allow astronauts to stay on lunar surface for 2 weeks https://t.co/pHY45wQKp9,@foxnews
42,-0.3612,Fri Oct 05 01:53:00 +0000 2018,0.645,0.235,0.12,43,Comedian @amyschumer raises her fist after she was reportedly arrested during a protest against the confirmation of‚Ä¶ https://t.co/iVuCyETu2C,@foxnews
43,0.4767,Fri Oct 05 01:46:41 +0000 2018,0.763,0.0,0.237,44,Kavanaugh's prep school friends say 'Devil's Triangle' was a drinking game https://t.co/Yq3OXL3HdX,@foxnews
44,-0.3818,Fri Oct 05 01:39:16 +0000 2018,0.852,0.148,0.0,45,"John Fund: In Kavanaugh confirmation fight, will Dems be hit by a Brett boomerang in November? https://t.co/zuF1RxgYlV",@foxnews
45,0.3818,Fri Oct 05 01:31:17 +0000 2018,0.833,0.0,0.167,46,MUST SEE: Two-Year-Old Girl Helps Dad Learn 'Pledge of Allegiance' for Citizenship Test https://t.co/ojXj5tPddg,@foxnews
46,-0.3182,Fri Oct 05 01:22:00 +0000 2018,0.769,0.149,0.082,47,"Kavanaugh, in op-ed, decries 'vicious' attacks while saying he 'might have been too emotional' at hearing https://t.co/ihyOyvjFyu",@foxnews
47,-0.25,Fri Oct 05 01:16:00 +0000 2018,0.728,0.16,0.112,48,OPINION: FBI investigation of Kavanaugh failed to question enough key people to get to the truth https://t.co/PaRw5Lpr98,@foxnews
48,0.0,Fri Oct 05 01:08:55 +0000 2018,1.0,0.0,0.0,49,'It's a Bulls**t Investigation': NJ Sen. Menendez Blasts FBI's Kavanaugh Probe https://t.co/Tvm1WrVKcp,@foxnews
49,0.0,Fri Oct 05 01:07:54 +0000 2018,1.0,0.0,0.0,50,"Carrie Underwood, Brad Paisley host 2018 CMAs: 5 memorable moments from the country superstars https://t.co/ZH8o6ONmTp",@foxnews
50,0.0,Fri Oct 05 00:56:35 +0000 2018,1.0,0.0,0.0,51,"Louisiana man claims 'ghost' planted meth at his home, falsely reports stabbing, sheriff says. https://t.co/mNbnLxZxSo",@foxnews
51,0.0,Fri Oct 05 00:43:00 +0000 2018,1.0,0.0,0.0,52,"In an op-ed for @wsj, Judge Brett Kavanaugh addressed his testimony to the Senate Judiciary Committee last week, sa‚Ä¶ https://t.co/rjZ49HAsIf",@foxnews
52,0.25,Fri Oct 05 00:35:26 +0000 2018,0.652,0.13,0.217,53,"‚ÄúI don‚Äôt think we‚Äôre interested"" in an endorsement from @BarackObama, Rep. @BetoORourke said after being snubbed in‚Ä¶ https://t.co/F6Z0WmUTpI",@foxnews
53,0.2732,Fri Oct 05 00:27:00 +0000 2018,0.606,0.164,0.23,54,".@TuckerCarlson: ""Win or lose, Kavanaugh's nomination will be voted on."" #Tucker https://t.co/QGAyWddjyn",@foxnews
54,0.0,Fri Oct 05 00:21:20 +0000 2018,1.0,0.0,0.0,55,Whale watchers witnessed a spectacular sight Wednesday of a humpback whale breaching with a glowing rainbow behind‚Ä¶ https://t.co/XjhUmxiGC2,@foxnews
55,-0.1531,Fri Oct 05 00:17:01 +0000 2018,0.89,0.11,0.0,56,"As Kavanaugh vote looms, GOP Sen. @SteveDaines says he's going to daughter's wedding. https://t.co/aDbZpfsqNd",@foxnews
56,0.0,Fri Oct 05 00:08:08 +0000 2018,1.0,0.0,0.0,57,"Kavanaugh fate hangs in balance, with 3 swing-vote senators 'trying to get to yes,' source says. https://t.co/qFdXUW8Og0",@foxnews
57,-0.5423,Fri Oct 05 00:02:31 +0000 2018,0.844,0.156,0.0,58,".@POTUS: ""The Democrats have been trying to destroy Judge Brett Kavanaugh since the very first second he was announ‚Ä¶ https://t.co/6Jnzmy5qJb",@foxnews
58,-0.3182,Fri Oct 05 00:01:10 +0000 2018,0.78,0.141,0.078,59,"BREAKING: Kavanaugh pens op-ed, decries 'vicious' attacks while saying he 'might have been too emotional' at hearin‚Ä¶ https://t.co/QZeWjJdWtB",@foxnews
59,-0.4404,Thu Oct 04 23:51:21 +0000 2018,0.828,0.172,0.0,60,".@POTUS: ""The only reason to vote Democrat is because you're tired of winning."" https://t.co/LyueZxBslo https://t.co/yPBFzoazNu",@foxnews
60,0.7845,Thu Oct 04 23:50:28 +0000 2018,0.574,0.109,0.317,61,".@POTUS on trade: ""NAFTA has been one of the great disasters of all time. And now we have a great and fair deal.""‚Ä¶ https://t.co/wLD1CN8YT7",@foxnews
61,0.2716,Thu Oct 04 23:46:10 +0000 2018,0.901,0.0,0.099,62,".@POTUS: ""We're just five weeks away from one of the most important congressional elections in our lifetime. You se‚Ä¶ https://t.co/zTVGJUOnXl",@foxnews
62,0.0,Thu Oct 04 23:42:21 +0000 2018,1.0,0.0,0.0,63,".@POTUS: ""In less than two years of Republican leadership, America has achieved the biggest comeback in our history‚Ä¶ https://t.co/pTb8ntOCBJ",@foxnews
63,0.0,Thu Oct 04 23:38:08 +0000 2018,1.0,0.0,0.0,64,".@POTUS in Minnesota: ""This is supposed to be a Democrat state. I don't think so."" https://t.co/LyueZxBslo https://t.co/XHWWDzmLce",@foxnews
64,0.0,Thu Oct 04 23:37:06 +0000 2018,1.0,0.0,0.0,65,HAPPENING NOW: @POTUS holds rally in Minnesota ahead of the midterms. https://t.co/LyueZxBslo https://t.co/HpPcqanj9L,@foxnews
65,0.6249,Thu Oct 04 23:33:01 +0000 2018,0.709,0.0,0.291,66,".@POTUS holds a ""Make America Great Again"" rally in Rochester, Minnesota. https://t.co/JKBHEla2e1",@foxnews
66,0.0,Thu Oct 04 23:32:39 +0000 2018,1.0,0.0,0.0,67,.@realDonaldTrump holds Minnesota rally as key Kavanaugh vote approaches https://t.co/gLPwQfnUv3,@foxnews
67,0.0,Thu Oct 04 23:28:27 +0000 2018,1.0,0.0,0.0,68,".@RajShah45 on Judge Kavanaugh: ""He's looking forward to the Senate taking action tomorrow on the cloture motion an‚Ä¶ https://t.co/NbQsRUr9yA",@foxnews
68,0.6705,Thu Oct 04 23:14:52 +0000 2018,0.732,0.0,0.268,69,".@RajShah45 on Kavanaugh vote: ""We're cautiously optimistic. I'd say we remain confident at this hour."" #TheStory‚Ä¶ https://t.co/eR75BS5YHo",@foxnews
69,0.0,Thu Oct 04 23:10:48 +0000 2018,1.0,0.0,0.0,70,.@ChuckGrassley is calling out the Democrats and the media over how they've handled the controversy surrounding Jud‚Ä¶ https://t.co/RIECcl4UJK,@foxnews
70,0.5994,Thu Oct 04 23:04:00 +0000 2018,0.604,0.0,0.396,71,.@CalThomas: Trump promised to put American interests first ‚Äì he wasn‚Äôt kidding https://t.co/xu9138dQ4n,@foxnews
71,0.4588,Thu Oct 04 23:00:55 +0000 2018,0.745,0.074,0.181,72,Retired Justice John Paul Stevens calls Kavanaugh's temperament disqualifying: 'Senators should pay attention to th‚Ä¶ https://t.co/7sjdL06XCV,@foxnews
72,0.0,Thu Oct 04 22:59:39 +0000 2018,1.0,0.0,0.0,73,"RT @FoxBusiness: Verizon's severance offer goes to about 44,000 employees  https://t.co/2XzOfGDNjr",@foxnews
73,-0.891,Thu Oct 04 22:49:52 +0000 2018,0.551,0.449,0.0,74,"Florida man arrested for threats to kill Democrats, 'weak' Republicans, over Kavanaugh nomination, sheriff says. https://t.co/sztAEGZuhq",@foxnews
74,0.0,Thu Oct 04 22:38:59 +0000 2018,1.0,0.0,0.0,75,"Utah toddler put $1,000 through shredder, parents say. https://t.co/CrBF0RUX58",@foxnews
75,0.0,Thu Oct 04 22:30:32 +0000 2018,1.0,0.0,0.0,76,.@SenatorHeitkamp says she's voting 'no' on Kavanaugh. https://t.co/9x1F8lrBcU https://t.co/7W05qHAyAa,@foxnews
76,-0.296,Thu Oct 04 22:27:59 +0000 2018,0.855,0.145,0.0,77,.@FLOTUS continued her tour through Africa today with a stop in Malawi. #SpecialReport https://t.co/J9XIl8sVcR https://t.co/gRuaXkqD2x,@foxnews
77,0.0,Thu Oct 04 22:23:28 +0000 2018,1.0,0.0,0.0,78,"RT @FoxBusiness: AT THE CLOSE: The Dow Jones Industrial Average was down by triple digits Thursday, and the other two major U.S. stock benc‚Ä¶",@foxnews
78,-0.6597,Thu Oct 04 22:22:03 +0000 2018,0.625,0.375,0.0,79,Suspect behind the ricin scare is in custody. #SpecialReport https://t.co/VIodJYg7zW https://t.co/dBFHxsVfrI,@foxnews
79,0.0,Thu Oct 04 22:16:01 +0000 2018,1.0,0.0,0.0,80,"JUST IN: Lawyer for Clinton campaign and DNC gave FBI documents for Russia probe, sources say. https://t.co/3sqbW4aLNj",@foxnews
80,-0.5574,Thu Oct 04 22:10:00 +0000 2018,0.635,0.365,0.0,81,.@emrata and @amyschumer detained at Kavanaugh protests in D.C. https://t.co/riU4MJMu4L,@foxnews
81,-0.25,Thu Oct 04 22:05:00 +0000 2018,0.741,0.153,0.106,82,.@maryannemarsh: FBI investigation of Kavanaugh failed to question enough key people to get to the truth. (via‚Ä¶ https://t.co/XITbJn40xk,@foxnews
82,-0.2732,Thu Oct 04 21:58:25 +0000 2018,0.565,0.249,0.186,83,Cancer patient‚Äôs final act was to find home for beloved dog https://t.co/a55zSRvTSs,@foxnews
83,-0.5859,Thu Oct 04 21:53:59 +0000 2018,0.73,0.27,0.0,84,WATCH: Arrests Made as Amy Schumer Joins Kavanaugh Mass Protests in Hart Senate Building https://t.co/vH5DDYgrga,@foxnews
84,0.6249,Thu Oct 04 21:51:25 +0000 2018,0.796,0.0,0.204,85,".@POTUS departs Minneapolis for Rochester, Minnesota, where he will hold a ""Make America Great Again"" rally tonight. https://t.co/3sdpvKsSAP",@foxnews
85,0.4404,Thu Oct 04 21:50:07 +0000 2018,0.861,0.0,0.139,86,".@JohnCornyn on Kavanaugh hearing: ""This could have been handled much better and I think in a way there would have‚Ä¶ https://t.co/yiFr1NConm",@foxnews
86,0.5574,Thu Oct 04 21:46:15 +0000 2018,0.825,0.0,0.175,87,".@JudgeJeanine on Kavanaugh's impact on the midterms: ""Let's assume that Kavanaugh gets on the Supreme Court. Will‚Ä¶ https://t.co/Nsvwb14Xxl",@foxnews
87,-0.8934,Thu Oct 04 21:34:06 +0000 2018,0.377,0.536,0.088,88,"Michelle Carter, woman convicted in suicide texting case, committed no crime, lawyer argues https://t.co/Ej1RkJO9MN",@foxnews
88,-0.8176,Thu Oct 04 21:33:35 +0000 2018,0.528,0.377,0.094,89,"Florida man threatens he's 'about ready to kill' neighbor, himself over walkway dispute during city council meeting https://t.co/0fLiuDIiOw",@foxnews
89,0.0,Thu Oct 04 21:30:00 +0000 2018,1.0,0.0,0.0,90,Venomous false widow spider infestation forces London schools to shut https://t.co/388OlAm7r8,@foxnews
90,0.0,Thu Oct 04 21:20:08 +0000 2018,1.0,0.0,0.0,91,6.5 million pounds of beef recalled over salmonella concerns https://t.co/h9eyNPPJJl,@foxnews
91,0.0,Thu Oct 04 21:04:00 +0000 2018,1.0,0.0,0.0,92,"Minnesota city sees influx of ‚Äòdrunk‚Äô birds flying into cars, windows, officials say https://t.co/X3twXUM2mp",@foxnews
92,0.0,Thu Oct 04 20:58:00 +0000 2018,1.0,0.0,0.0,93,"On Thursday, Senator @LindseyGrahamSC commented on the @FBI's report on sexual misconduct allegations against Judge‚Ä¶ https://t.co/XUwNSIbk26",@foxnews
93,-0.34,Thu Oct 04 20:54:00 +0000 2018,0.854,0.146,0.0,94,.@VP Pence accuses Beijing of meddling in US elections: ‚ÄòChina wants a different American president‚Äô https://t.co/5H0j4AsTnW,@foxnews
94,-0.296,Thu Oct 04 20:47:51 +0000 2018,0.879,0.121,0.0,95,"Pressure mounts on 4 swing senators to decide Kavanaugh's fate, on heels of FBI report. (via @brookefoxnews) https://t.co/JvTqTTnltv",@foxnews
95,0.0,Thu Oct 04 20:40:47 +0000 2018,1.0,0.0,0.0,96,"Woman tells New Jersey police she doesn't know who she is, has been walking for a year. https://t.co/ldRHA3xeBs",@foxnews
96,0.552,Thu Oct 04 20:34:00 +0000 2018,0.737,0.0,0.263,97,"Uber, Lyft offer free rides to polls for midterm elections. https://t.co/mjrPbUeDwZ",@foxnews
97,0.0,Thu Oct 04 20:28:05 +0000 2018,1.0,0.0,0.0,98,".@SenatorRounds on the Kavanaugh FBI report: ""It was very informative as far as I was concerned."" #Cavuto https://t.co/80JBU79qDq",@foxnews
98,-0.2263,Thu Oct 04 20:24:53 +0000 2018,0.826,0.174,0.0,99,Massive anti-Kavanaugh protests continue inside a Senate office building. #Cavuto https://t.co/uAWUzYVQFY,@foxnews
99,0.0,Thu Oct 04 20:19:03 +0000 2018,1.0,0.0,0.0,100,"Grassley blasts Dems, media over Kavanaugh treatment, says confirmation should come Saturday. https://t.co/M5mxWinQGm",@foxnews
100,-0.4939,Fri Oct 05 06:40:11 +0000 2018,0.738,0.262,0.0,1,Former S Korea president Lee Myung-bak jailed for 15 years https://t.co/c6la1caYvD,@BBCWorld
101,-0.3818,Fri Oct 05 04:03:18 +0000 2018,0.615,0.254,0.131,2,China prison break: Public appeal after rare inmate escape https://t.co/kjf3fnms5t,@BBCWorld
102,-0.5106,Fri Oct 05 01:22:01 +0000 2018,0.732,0.268,0.0,3,Hot look or provocative? Outcry at Polish teens guidebook https://t.co/ZmOUEZlenw,@BBCWorld
103,0.0,Fri Oct 05 01:17:42 +0000 2018,1.0,0.0,0.0,4,'Why not?': Transgender candidate busts stereotypes in Brazil https://t.co/cCFMdAwSEu,@BBCWorld
104,0.0,Fri Oct 05 01:04:33 +0000 2018,1.0,0.0,0.0,5,Africa's week in pictures: 28 September - 4 October 2018 https://t.co/FrBrEh4T2P,@BBCWorld
105,0.7414,Fri Oct 05 00:35:00 +0000 2018,0.657,0.0,0.343,6,James Ricketson case: 'Dad saved my life so I helped save him from jail' https://t.co/rHrAl7Lz3r,@BBCWorld
106,-0.128,Fri Oct 05 00:09:30 +0000 2018,0.408,0.347,0.245,7,Brett Kavanaugh: Hundreds arrested in Supreme Court protest https://t.co/K7qhruTulT,@BBCWorld
107,-0.4767,Thu Oct 04 23:34:27 +0000 2018,0.721,0.279,0.0,8,Fake news: French language body urges alternative phrase https://t.co/gwO4ElSjKv,@BBCWorld
108,0.0,Thu Oct 04 23:11:58 +0000 2018,1.0,0.0,0.0,9,Why a US national park is holding a 'Fat Bear Week' contest https://t.co/Oc3Cdq4lDP,@BBCWorld
109,0.0,Thu Oct 04 21:19:45 +0000 2018,1.0,0.0,0.0,10,"Girl, 8, pulls a 1,500-year-old sword from a lake in Sweden https://t.co/rAaoU2WtOD",@BBCWorld
110,-0.34,Thu Oct 04 20:45:03 +0000 2018,0.882,0.118,0.0,11,"RT @BBCNorthAmerica: The @BBCNorthAmerica investigation ‚ÄúDon‚Äôt Shoot, I‚Äôm Disabled‚Äù releases today. Here‚Äôs why you should check it out:

ht‚Ä¶",@BBCWorld
111,-0.6908,Thu Oct 04 20:44:57 +0000 2018,0.63,0.37,0.0,12,Cristiano Ronaldo rape allegation: Nike expresses deep concern https://t.co/MBNeaNbbig,@BBCWorld
112,-0.6124,Thu Oct 04 20:40:53 +0000 2018,0.667,0.333,0.0,13,Ex-rap mogul Suge Knight sentenced to 28 years for hit-and-run death https://t.co/1Ojh3JwyXf,@BBCWorld
113,0.0,Thu Oct 04 19:07:25 +0000 2018,1.0,0.0,0.0,14,Diplomats thrown out in Ukraine-Hungary passport https://t.co/xN1cQ2ycI1,@BBCWorld
114,-0.4019,Thu Oct 04 18:52:03 +0000 2018,0.821,0.179,0.0,15,"US town warns residents not to be too concerned about birds ""flying into windows, cars and acting confused"" https://t.co/veNfzqj16N",@BBCWorld
115,-0.2411,Thu Oct 04 18:40:31 +0000 2018,0.859,0.141,0.0,16,Canada is not inviting the US or China to WTO reform meeting https://t.co/bJ7vtQhhX7,@BBCWorld
116,-0.4939,Thu Oct 04 18:17:49 +0000 2018,0.738,0.262,0.0,17,Man jailed for slapping woman in viral French video https://t.co/kweS8uiT4w,@BBCWorld
117,0.4939,Thu Oct 04 18:06:03 +0000 2018,0.775,0.0,0.225,18,Aid charities ActionAid and Plan to be turfed out of Pakistan https://t.co/23bHtLWrKP,@BBCWorld
118,-0.6369,Thu Oct 04 17:22:04 +0000 2018,0.606,0.394,0.0,19,Brett Kavanaugh accusations: Are young men in America scared? https://t.co/VV3Ir2QYsA,@BBCWorld
119,-0.7269,Thu Oct 04 17:19:44 +0000 2018,0.567,0.433,0.0,20,South Carolina: Police shooting suspect is disabled war veteran https://t.co/fmoUcyP1rM,@BBCWorld
120,0.0,Thu Oct 04 16:07:21 +0000 2018,1.0,0.0,0.0,21,Minnesota town alerts residents over 'tipsy' birds https://t.co/wiRkFLFnef,@BBCWorld
121,0.0,Thu Oct 04 15:51:25 +0000 2018,1.0,0.0,0.0,22,"Staff working to keep Palu's airport open after Indonesia earthquake

[Tap to expand]

https://t.co/vcJMb3dkLR https://t.co/K4FvOzvcr8",@BBCWorld
122,0.0,Thu Oct 04 15:47:34 +0000 2018,1.0,0.0,0.0,23,"Senators spar over FBI report on Kavanaugh 

https://t.co/YmCqFgLyIA https://t.co/Rq0OIGBLjf",@BBCWorld
123,0.7964,Thu Oct 04 15:32:53 +0000 2018,0.496,0.0,0.504,24,Archibald Knox exhibition: Liberty designer's 'sheer genius' celebrated https://t.co/aY3INXmfzo,@BBCWorld
124,-0.6369,Thu Oct 04 15:03:11 +0000 2018,0.802,0.198,0.0,25,"""Without zoos nature will be doomed"" - @NatGeo photographer Joel Sartore responds to those who say keeping animals‚Ä¶ https://t.co/u8tmQe8XiP",@BBCWorld
125,-0.6908,Thu Oct 04 15:01:34 +0000 2018,0.701,0.299,0.0,26,RT @BBCTech: Fitbit data used to charge US man with murder https://t.co/lMl2Q36Dcu,@BBCWorld
126,0.0,Thu Oct 04 14:37:12 +0000 2018,1.0,0.0,0.0,27,RT @bbcworldservice: The first 'exomoon' (that's a moon outside our Solar System for non-space experts) may have been found. Here's @david_‚Ä¶,@BBCWorld
127,0.5574,Thu Oct 04 14:33:59 +0000 2018,0.847,0.0,0.153,28,"Julia Roberts: If Brett Kavanaugh gets on to the Supreme Court it ""will affect our children and our children's chil‚Ä¶ https://t.co/ZvXI2T7Gp8",@BBCWorld
128,0.0,Thu Oct 04 14:25:09 +0000 2018,1.0,0.0,0.0,29,Drew Barrymore: 'Surreal' article defended by EgyptAir https://t.co/weLSVAZGyd,@BBCWorld
129,0.0,Thu Oct 04 14:12:06 +0000 2018,1.0,0.0,0.0,30,How credible are lie detector tests? https://t.co/0MvQtC3LaM,@BBCWorld
130,0.0,Thu Oct 04 14:02:04 +0000 2018,1.0,0.0,0.0,31,"The staff working tirelessly to keep Palu's barely functional airport open, following the city's deadly earthquake‚Ä¶ https://t.co/Vxd1Iu4d3B",@BBCWorld
131,0.3182,Thu Oct 04 13:58:59 +0000 2018,0.892,0.0,0.108,32,"""Russia decided that it was fair game to flood the social and traditional media with the private medical informatio‚Ä¶ https://t.co/ZdwDX9uqKn",@BBCWorld
132,-0.2732,Thu Oct 04 13:45:40 +0000 2018,0.896,0.104,0.0,33,RT @BBCBreaking: US charges seven Russian military agents linked to global cyber hack of doping and other agencies https://t.co/Kki9xU6EUd,@BBCWorld
133,0.0,Thu Oct 04 12:52:42 +0000 2018,1.0,0.0,0.0,34,Cristiano Ronaldo: Juventus forward not in Portugal squad to face Scotland &amp; Poland https://t.co/j1fjXETfKA,@BBCWorld
134,0.0,Thu Oct 04 12:43:05 +0000 2018,1.0,0.0,0.0,35,Uganda army launches Ulinzi condom brand https://t.co/vHG8ua72Qn,@BBCWorld
135,0.3182,Thu Oct 04 12:36:57 +0000 2018,0.85,0.0,0.15,36,The curious tale of a ladies hairdresser and the 'blast-proof' material https://t.co/GoIL2rG1x6 (via @BBC_Future) https://t.co/LYkTJdzNkP,@BBCWorld
136,0.0,Thu Oct 04 12:33:10 +0000 2018,1.0,0.0,0.0,37,What we know about Russian 'OPCW plot' https://t.co/QZwYgk5mDB,@BBCWorld
137,-0.296,Thu Oct 04 12:12:18 +0000 2018,0.784,0.216,0.0,38,Mystery over missing Saudi journalist Jamal Khashoggi deepens https://t.co/JA3WuiXU2I,@BBCWorld
138,-0.34,Thu Oct 04 12:01:37 +0000 2018,0.806,0.194,0.0,39,India under fire as it deports Rohingya Muslims to Myanmar https://t.co/NrX8kOOOP7,@BBCWorld
139,-0.4939,Thu Oct 04 11:13:25 +0000 2018,0.704,0.296,0.0,40,Italian 'Robin Hood' banker sentenced over ‚Ç¨1m pilfered for the poor https://t.co/DXCBcX8y6k,@BBCWorld
140,0.7003,Thu Oct 04 10:34:07 +0000 2018,0.746,0.0,0.254,41,RT @gordoncorera: Breaking - Dutch intelligence (with help of British) disrupted a Russian GRU cyber operation targeting OPCW on April 13th‚Ä¶,@BBCWorld
141,-0.3182,Thu Oct 04 10:13:30 +0000 2018,0.603,0.206,0.191,42,RT @BBCNews: Could AI and high-tech cameras help spot and prevent acts of violence? https://t.co/rA2sRYUtom,@BBCWorld
142,-0.3612,Thu Oct 04 10:10:03 +0000 2018,0.673,0.22,0.108,43,RT @BBCBreaking: Dutch security services expelled four Russians in April over plot targeting chemical weapons watchdog - officials https://‚Ä¶,@BBCWorld
143,0.0,Thu Oct 04 10:04:07 +0000 2018,1.0,0.0,0.0,44,Kanye West (Ye?) urges NFL player Colin Kaepernick to meet with Donald Trump https://t.co/FGvAIsrN7d,@BBCWorld
144,0.3818,Thu Oct 04 09:47:19 +0000 2018,0.843,0.0,0.157,45,"RT @BBCNews: Sir David Attenborough: 'Population growth has to come to an end'

https://t.co/77GlU6hRg2 https://t.co/vvRAgVlwuj",@BBCWorld
145,0.0,Thu Oct 04 09:40:45 +0000 2018,1.0,0.0,0.0,46,"Could this squat be a moment that sparks change? 

Donte Palmer was pictured changing his son's nappy on his lap be‚Ä¶ https://t.co/O9HaUaxqAX",@BBCWorld
146,0.0,Thu Oct 04 09:36:08 +0000 2018,1.0,0.0,0.0,47,Dublin City Council planned to house on a 'cruise ship' https://t.co/9Dr2YHnaAk,@BBCWorld
147,0.0,Thu Oct 04 09:27:35 +0000 2018,1.0,0.0,0.0,48,RT @bbcworldservice: The beach from The Beach is now closed indefinitely.  @Prof_CallumYork explains why. https://t.co/f0Z0JSrFwC https://t‚Ä¶,@BBCWorld
148,0.0,Thu Oct 04 09:21:36 +0000 2018,1.0,0.0,0.0,49,Kim Kardashian bodyguard sued for $6.1m over Paris robbery https://t.co/w992Auinp7,@BBCWorld
149,-0.2023,Thu Oct 04 07:14:01 +0000 2018,0.847,0.153,0.0,50,Wife of former Malaysian PM Najib charged with money laundering https://t.co/zmZNdvgpUd,@BBCWorld
150,0.0,Thu Oct 04 05:36:49 +0000 2018,1.0,0.0,0.0,51,MTK Global's Irish boxers not competing in Ireland https://t.co/ulMjI84was,@BBCWorld
151,-0.7579,Thu Oct 04 05:29:13 +0000 2018,0.48,0.52,0.0,52,Economy to grow slowly but 'avoid recession' https://t.co/FqaXOj0yAv,@BBCWorld
152,0.0,Thu Oct 04 05:06:04 +0000 2018,1.0,0.0,0.0,53,Irish anti-abortion doctors in conscientious objection row https://t.co/DeztZ8T4SW,@BBCWorld
153,0.0,Thu Oct 04 04:46:51 +0000 2018,1.0,0.0,0.0,54,Brett Kavanaugh: Senate to get FBI report within hours https://t.co/PC8vzEsa2l,@BBCWorld
154,0.4215,Thu Oct 04 04:42:56 +0000 2018,0.44,0.203,0.357,55,Six rescue divers drown trying to save teen in Malaysia https://t.co/jMjB6lSrhZ,@BBCWorld
155,0.0,Thu Oct 04 03:19:20 +0000 2018,1.0,0.0,0.0,56,"This veteran Nat Geo photographer believes zoos are needed for conservation.

[Tap to expand]‚Ä¶ https://t.co/b57Mz5UyLZ",@BBCWorld
156,0.0,Thu Oct 04 02:57:48 +0000 2018,1.0,0.0,0.0,57,Priyanka Chopra invests in dating app Bumble https://t.co/luGLJgHFRA,@BBCWorld
157,0.7184,Thu Oct 04 00:45:56 +0000 2018,0.538,0.0,0.462,58,United Airlines flight lands safely after mayday call https://t.co/UkKWkYHvYw,@BBCWorld
158,-0.8126,Thu Oct 04 00:37:41 +0000 2018,0.543,0.457,0.0,59,Cameroon's Anglophone crisis: Red Dragons and Tigers - the rebels fighting for independence https://t.co/AiG04XAmub,@BBCWorld
159,-0.6908,Thu Oct 04 00:30:17 +0000 2018,0.63,0.37,0.0,60,The Indian state where police kill with impunity https://t.co/LG0okXcqHi,@BBCWorld
160,-0.296,Wed Oct 03 23:47:26 +0000 2018,0.804,0.196,0.0,61,"South Carolina: Five police officers shot, suspect in custody https://t.co/ZIYyEoDuu2",@BBCWorld
161,0.0,Wed Oct 03 23:28:45 +0000 2018,1.0,0.0,0.0,62,US to end Treaty of Amity with Iran after ICJ ruling https://t.co/R2cB697pXy,@BBCWorld
162,-0.6369,Wed Oct 03 22:45:11 +0000 2018,0.606,0.394,0.0,63,Brett Kavanaugh accusations: Are young men in America scared? https://t.co/DRFQ4ZqNYp,@BBCWorld
163,0.4767,Wed Oct 03 21:49:08 +0000 2018,0.838,0.0,0.162,64,"RT @BBCSport: Lionel Messi was sensational as Barcelona beat Spurs in a thrilling game at Wembley.

https://t.co/OanJjT2omx https://t.co/y2‚Ä¶",@BBCWorld
164,0.0,Wed Oct 03 21:35:01 +0000 2018,1.0,0.0,0.0,65,"Three things you need to know about the #presidentialalert system 

(Tap video to expand) https://t.co/u26NRuLfbH https://t.co/TuDNEZzDPb",@BBCWorld
165,0.0516,Wed Oct 03 20:55:23 +0000 2018,0.732,0.13,0.138,66,"RT @BBCSport: FT: Spurs 2-4 Barcelona
Napoli 1-0 Liverpool 

A miserable night for English teams in the Champions League.

Reaction: https:‚Ä¶",@BBCWorld
166,0.0516,Wed Oct 03 20:33:36 +0000 2018,0.779,0.107,0.115,67,"RT @BBCNewsnight: ""My suspicion is that people will realise that the United States‚Äô attitude is outdated.""

Sir David Attenborough says he‚Ä¶",@BBCWorld
167,0.431,Wed Oct 03 20:01:21 +0000 2018,0.759,0.0,0.241,68,Pentagon quarantine 'sparked by castor seeds' not ricin poison https://t.co/PMfYqaAMhC,@BBCWorld
168,0.0,Wed Oct 03 19:53:34 +0000 2018,1.0,0.0,0.0,69,Guitar-playing politician @BetoORourke is dazzling Democrats in Texas #2018midterms https://t.co/qoURCMXAnY https://t.co/tWRdNgqM3w,@BBCWorld
169,0.3182,Wed Oct 03 19:41:00 +0000 2018,0.753,0.0,0.247,70,Peru court reverses ex-president Alberto Fujimori's pardon https://t.co/hLv5F7PpLE,@BBCWorld
170,0.5859,Wed Oct 03 18:50:49 +0000 2018,0.817,0.0,0.183,71,"RT @BBCSport: FT PSG 6-1 Red Star

A big, big win for Thomas Tuchel's side.

#UCL https://t.co/LVTlbYKjXk #bbcfootball https://t.co/ebbOFsd‚Ä¶",@BBCWorld
171,-0.8316,Wed Oct 03 18:37:19 +0000 2018,0.435,0.565,0.0,72,India Ganges 'rape video': Two men arrested https://t.co/yBLprBSJwH,@BBCWorld
172,0.0,Wed Oct 03 18:37:10 +0000 2018,1.0,0.0,0.0,73,R√©doine Fa√Ød case: French gangster evaded police in burqa https://t.co/NiD5lzNu2N,@BBCWorld
173,0.0,Wed Oct 03 18:31:15 +0000 2018,1.0,0.0,0.0,74,"THIS IS A TEST #presidentialalert

https://t.co/RmaBYY3QRQ https://t.co/mbNFeOHHnz",@BBCWorld
174,0.296,Wed Oct 03 18:24:14 +0000 2018,0.761,0.0,0.239,75,"Millions of mobiles get 'Trump alert'

https://t.co/RmaBYY3QRQ https://t.co/4MfUXBP3VR",@BBCWorld
175,0.0,Wed Oct 03 16:41:47 +0000 2018,1.0,0.0,0.0,76,RT @BBCNorthAmerica: Canada surgeon operates on teddy bear for 8-year-old boy https://t.co/iMqZ3iPYZ3,@BBCWorld
176,0.6369,Wed Oct 03 16:31:01 +0000 2018,0.84,0.0,0.16,77,"RT @bbcworldservice: ""I'd rather fix boats than go to school.""
This teenager says he's the best boat mechanic in the world's largest floati‚Ä¶",@BBCWorld
177,-0.8176,Wed Oct 03 16:19:33 +0000 2018,0.4,0.6,0.0,78,Guinea-Bissau migrant shipwreck: Dozens feared dead https://t.co/fwnX8FHTpr,@BBCWorld
178,0.0,Wed Oct 03 16:13:14 +0000 2018,1.0,0.0,0.0,79,"RT @marklowen: Reports coming in of police activity around #Gulen‚Äôs residence in #Pennsylvania. Sketchy but some talk of an armed man, heli‚Ä¶",@BBCWorld
179,-0.891,Wed Oct 03 15:47:05 +0000 2018,0.321,0.679,0.0,80,Cristiano Ronaldo rape allegation: Footballer denies attack https://t.co/o5g3UOWZIh,@BBCWorld
180,-0.6908,Wed Oct 03 15:27:51 +0000 2018,0.467,0.533,0.0,81,Indonesia tsunami: Authorities fight fake news https://t.co/Hsref3FSLN,@BBCWorld
181,-0.4019,Wed Oct 03 14:39:04 +0000 2018,0.769,0.231,0.0,82,RT @BBCNorthAmerica: Republicans deplore Trump mocking Judge Kavanaugh's accuser https://t.co/zDqXo2M2bi,@BBCWorld
182,-0.3818,Wed Oct 03 14:16:30 +0000 2018,0.894,0.106,0.0,83,"""She is two years old. The only words she knows are Mami and Papi"" 

This woman is desperately searching for her ni‚Ä¶ https://t.co/GRMWvfTx8F",@BBCWorld
183,-0.8555,Wed Oct 03 13:33:41 +0000 2018,0.741,0.259,0.0,84,"RT @BBCSport: ""Probably one of the worst days of my life.""

Brooks Koepka says he is heartbroken that one of his tee shots resulted in a sp‚Ä¶",@BBCWorld
184,-0.7717,Wed Oct 03 13:22:33 +0000 2018,0.472,0.528,0.0,85,Skripal poisoning: Putin denounces ex-spy as 'scum' https://t.co/lnPsyhEEUi,@BBCWorld
185,0.0,Wed Oct 03 13:18:57 +0000 2018,1.0,0.0,0.0,86,"Melania Trump, US first lady, visits Ghana slave fort https://t.co/PfebzuuRHY",@BBCWorld
186,-0.34,Wed Oct 03 12:52:37 +0000 2018,0.745,0.255,0.0,87,How India avoided its 'Lehman Brothers moment' https://t.co/Y3icW4e0YI,@BBCWorld
187,0.0,Wed Oct 03 12:47:02 +0000 2018,1.0,0.0,0.0,88,Beto O'Rourke: Democrats dazzled by rising star in Texas https://t.co/x7Qen7xCIc,@BBCWorld
188,0.6369,Wed Oct 03 12:40:09 +0000 2018,0.682,0.0,0.318,89,R√©doine Fa√Ød case: Why does France love its gangsters? https://t.co/WFBnae1qjy,@BBCWorld
189,0.0,Wed Oct 03 12:32:42 +0000 2018,1.0,0.0,0.0,90,Trump's parents and siblings: What do we know of them? https://t.co/q23jwQ09Qy,@BBCWorld
190,-0.7269,Wed Oct 03 12:21:13 +0000 2018,0.534,0.466,0.0,91,Croatian court rejects perjury charge against Luka Modric https://t.co/ZmZzmdLdPR,@BBCWorld
191,0.0,Wed Oct 03 11:54:42 +0000 2018,1.0,0.0,0.0,92,Finland school poster sparks migration row https://t.co/uCPN7Mdv6v,@BBCWorld
192,-0.34,Wed Oct 03 11:43:45 +0000 2018,0.714,0.286,0.0,93,'Cross-border element' to Irish gangland feud https://t.co/QJYdrbg4Sn,@BBCWorld
193,-0.6597,Wed Oct 03 11:17:11 +0000 2018,0.614,0.386,0.0,94,Hornbill gets 3D-printed prosthetic casque after cancer https://t.co/utAJmHXLCe,@BBCWorld
194,-0.4767,Wed Oct 03 11:09:45 +0000 2018,0.744,0.256,0.0,95,Indonesia tsunami: Frustration in remote areas waiting for aid https://t.co/Mf5QNxSlyA,@BBCWorld
195,0.7184,Wed Oct 03 10:38:01 +0000 2018,0.7,0.0,0.3,96,2018 Nobel Prize in Chemistry awarded to three scientists for their discoveries in enzyme research https://t.co/VlBMXhPfQq,@BBCWorld
196,0.5267,Wed Oct 03 10:35:28 +0000 2018,0.746,0.0,0.254,97,Sanctions on Iran: International Court of Justice rules against US https://t.co/pYk5SxJPYs,@BBCWorld
197,-0.5423,Wed Oct 03 10:25:10 +0000 2018,0.743,0.257,0.0,98,Saudi journalist Jamal Khashoggi ‚Äî a fierce critic of his country's policies ‚Äî disappears after consular trip https://t.co/bn9Vdxx2w1,@BBCWorld
198,-0.6597,Wed Oct 03 09:57:49 +0000 2018,0.543,0.326,0.13,99,"Trump mocks Christine Blasey Ford, who has accused Supreme Court nominee Brett Kavanaugh of sexual assault when the‚Ä¶ https://t.co/vQpcXnMHwr",@BBCWorld
199,0.1531,Wed Oct 03 09:42:03 +0000 2018,0.652,0.152,0.196,100,Kerala flood aftermath: Battling snakes and sewage to clean a city https://t.co/M9npIvFpd0,@BBCWorld
200,0.0,Fri Oct 05 07:03:04 +0000 2018,1.0,0.0,0.0,1,Walmart recalls nearly a quarter million axes https://t.co/7kF4Ju9ITq https://t.co/7tVluWTyhz,@CBSNews
201,0.0,Fri Oct 05 06:48:03 +0000 2018,1.0,0.0,0.0,2,"NASA revises launch targets for Boeing, SpaceX crew ships https://t.co/xM4BFelfvG https://t.co/VwARyXFU6k",@CBSNews
202,-0.5994,Fri Oct 05 06:33:03 +0000 2018,0.782,0.218,0.0,3,Jury deliberates fate of Chicago cop Jason Van Dyke in Laquan McDonald's death https://t.co/Cb5WOifZVG https://t.co/jHoZPbkkr7,@CBSNews
203,0.4019,Fri Oct 05 06:18:03 +0000 2018,0.828,0.0,0.172,4,6-year-old boy speaks clearly for first time after dentist discovers he's tongue-tied https://t.co/wVEka4f7t7 https://t.co/voigf6NaxB,@CBSNews
204,0.7351,Fri Oct 05 06:03:03 +0000 2018,0.693,0.0,0.307,5,Waitress pitches in to help with fussy toddler so mother can eat in peace https://t.co/m8bZkQ8p3W https://t.co/cgZjo0KKyF,@CBSNews
205,0.0,Fri Oct 05 05:48:02 +0000 2018,1.0,0.0,0.0,6,"Typhoon eyes Japan, South Korea as hurricane prompts evacuations from remote Hawaiian island https://t.co/FlwK14hTnd https://t.co/LpMQ4LJVnp",@CBSNews
206,-0.296,Fri Oct 05 05:33:03 +0000 2018,0.855,0.145,0.0,7,"Damon Wayans Jr. on his dad's ""bizarre"" ""Lethal Weapon"" announcement, new show https://t.co/BzIxX2GTre https://t.co/0J10CeYR21",@CBSNews
207,0.4588,Fri Oct 05 05:18:03 +0000 2018,0.75,0.0,0.25,8,"Barnes &amp; Noble hangs up ""for sale"" sign https://t.co/YMq6lUVYQO https://t.co/LynSSYX1hy",@CBSNews
208,-0.4019,Fri Oct 05 05:03:04 +0000 2018,0.635,0.228,0.138,9,Fitbit helps lead police to San Jose woman's alleged killer ‚Äì her stepfather https://t.co/v4UYGQNBe5 https://t.co/HjmMzHp8PV,@CBSNews
209,-0.4449,Fri Oct 05 04:48:03 +0000 2018,0.79,0.21,0.0,10,John Paul Stevens says Kavanaugh shouldn't be on Supreme Court https://t.co/w2ofekGabY https://t.co/hnm7IoEW8f,@CBSNews
210,0.0,Fri Oct 05 04:33:04 +0000 2018,1.0,0.0,0.0,11,"Red tide closes Florida beaches, could impact millions in tourism dollars https://t.co/ZSJhbYmEmT https://t.co/tBwXpMArtM",@CBSNews
211,-0.3182,Fri Oct 05 04:18:03 +0000 2018,0.645,0.207,0.147,12,"Man killed in car explosion with son, friend sent letters indicating he caused it https://t.co/SE38JrUZYH https://t.co/CAd1YN7C3S",@CBSNews
212,-0.6705,Fri Oct 05 04:03:03 +0000 2018,0.71,0.29,0.0,13,"Michelle Carter ""texting suicide"" case heard by Massachusetts high court https://t.co/q2FJkX1As3 https://t.co/dtUTHho2ie",@CBSNews
213,0.0,Fri Oct 05 03:54:05 +0000 2018,1.0,0.0,0.0,14,Richard Spencer's alt-group group regains tax-exempt status https://t.co/7HjO9Ib5Ms https://t.co/Nsa9RadZiS,@CBSNews
214,-0.296,Fri Oct 05 03:48:03 +0000 2018,0.82,0.18,0.0,15,What's missing from the FBI's investigation into Brett Kavanaugh? https://t.co/tvzhfav2AT https://t.co/VWrK8nckrV,@CBSNews
215,-0.296,Fri Oct 05 03:33:03 +0000 2018,0.845,0.155,0.0,16,Suspect in deadly South Carolina police ambush identified as elderly vet https://t.co/6awbOcZOrq https://t.co/PNUtOzDumw,@CBSNews
216,-0.1027,Fri Oct 05 03:18:03 +0000 2018,0.789,0.116,0.095,17,"Sen. Heidi Heitkamp, who will vote no on Kavanaugh, raises significant funds in 3rd quarter https://t.co/Rv14bGHRzF https://t.co/1wcqXx0mvs",@CBSNews
217,0.0,Fri Oct 05 03:10:05 +0000 2018,1.0,0.0,0.0,18,Democratic senators request intel chief provide more information on Trump's claim about Chinese hacking‚Ä¶ https://t.co/5m6t1TDqSr,@CBSNews
218,0.0516,Fri Oct 05 03:03:03 +0000 2018,0.633,0.177,0.19,19,Stock prices tumble as interest rate fears grip Wall Street https://t.co/Q8QEfb8iLN https://t.co/NNh4gElGur,@CBSNews
219,0.5574,Fri Oct 05 03:00:01 +0000 2018,0.841,0.0,0.159,20,"Republicans still plan to begin voting on Supreme Court nominee Brett Kavanaugh on the Senate floor Friday, with fi‚Ä¶ https://t.co/TfOTSpsOlq",@CBSNews
220,0.6249,Fri Oct 05 02:39:54 +0000 2018,0.683,0.0,0.317,21,Dog with 3D-printed skull gives researchers hope for helping human patients https://t.co/6cQwmQ2Jtx https://t.co/0WfsX7RHNF,@CBSNews
221,0.0,Fri Oct 05 02:14:35 +0000 2018,1.0,0.0,0.0,22,"Trump blasts Democrats for ""rage-fueled resistance"" to Kavanaugh nomination https://t.co/jKDB9T08KE https://t.co/XCsfWgoAee",@CBSNews
222,0.0,Fri Oct 05 01:58:28 +0000 2018,1.0,0.0,0.0,23,"üá∫üá∏ üëã So long, Cap: Chris Evans appears to bid farewell to Captain America https://t.co/5s0yvmzFGD https://t.co/0wpmIMMgyZ",@CBSNews
223,-0.5574,Fri Oct 05 01:35:28 +0000 2018,0.854,0.146,0.0,24,"WATCH: Singer Janis Joplin died 48 years ago today at the age of 27. Her soulful music has endured for generations,‚Ä¶ https://t.co/uIX8R7dGq1",@CBSNews
224,0.3818,Fri Oct 05 01:14:41 +0000 2018,0.822,0.0,0.178,25,1-year-old girl found alive under debris from deadly tsunami in Indonesia https://t.co/9sEh5p54eC https://t.co/bBuLGOfBM9,@CBSNews
225,-0.4588,Fri Oct 05 00:54:32 +0000 2018,0.87,0.13,0.0,26,"Elon Musk is taunting the government regulators who threatened to oust him as Tesla's CEO, just days after he settl‚Ä¶ https://t.co/XXYf1JCS2M",@CBSNews
226,-0.0258,Fri Oct 05 00:34:56 +0000 2018,0.733,0.136,0.131,27,"Kavanaugh fight rallies GOP ahead of midterms: ""It's like pouring gasoline on the base"" https://t.co/jwT7VIaYke https://t.co/1AT8ljJplW",@CBSNews
227,-0.5574,Fri Oct 05 00:14:44 +0000 2018,0.705,0.295,0.0,28,"Anti-Kavanaugh protesters take over Senate building, Amy Schumer among those detained https://t.co/AssMs1leog https://t.co/9YW0zwWkZ1",@CBSNews
228,-0.296,Thu Oct 04 23:54:54 +0000 2018,0.872,0.128,0.0,29,Missing dog found clinging to pipe above 8-foot pit of water in New Jersey https://t.co/89jTmUFSbe https://t.co/C5zQh5ldVH,@CBSNews
229,0.4404,Thu Oct 04 23:40:30 +0000 2018,0.854,0.0,0.146,30,"HAPPENING NOW: Pres. Trump rallies supporters in Minnesota, as senators in Washington edge closer to confirming his‚Ä¶ https://t.co/BYI5dF6GMe",@CBSNews
230,-0.3182,Thu Oct 04 23:34:40 +0000 2018,0.827,0.173,0.0,31,Writer insists bizarre EgyptAir interview with Drew Barrymore is real https://t.co/th9aM1HiJe https://t.co/87cJnzbWnP,@CBSNews
231,-0.2585,Thu Oct 04 23:15:23 +0000 2018,0.898,0.102,0.0,32,RESCUING ROSCO: A family thought their little dog was lost forever ‚Äì then workers at a nearby water plant heard bar‚Ä¶ https://t.co/QDwYHdtMdO,@CBSNews
232,0.0,Thu Oct 04 23:11:33 +0000 2018,1.0,0.0,0.0,33,Four years ago a dachshund developed a small bump on her head. Then it grew and grew into a life-threatening tumor.‚Ä¶ https://t.co/6X4VCjwN3M,@CBSNews
233,-0.2023,Thu Oct 04 22:59:24 +0000 2018,0.761,0.134,0.105,34,"RT @CBSEveningNews: In the midst of rubble and destruction, a glimmer of hope. 

Swept away from her family as an earthquake and tsunami, w‚Ä¶",@CBSNews
234,0.0,Thu Oct 04 22:58:50 +0000 2018,1.0,0.0,0.0,35,"RT @CBSEveningNews: Cristiano Ronaldo, one of the world‚Äôs biggest soccers stars, was benched by the Portuguese national team as a woman all‚Ä¶",@CBSNews
235,0.0,Thu Oct 04 22:40:41 +0000 2018,1.0,0.0,0.0,36,"RT @CBSEveningNews: In the dark of the night, at 2:30am ET, the 46-page FBI report on claims of sexual misconduct against Brett Kavanaugh a‚Ä¶",@CBSNews
236,0.0,Thu Oct 04 22:40:41 +0000 2018,1.0,0.0,0.0,37,RT @CBSEveningNews: Nine people were interviewed for the FBI investigation into sexual misconduct allegations against Pres. Trump‚Äôs SCOTUS‚Ä¶,@CBSNews
237,0.5574,Thu Oct 04 22:29:40 +0000 2018,0.833,0.0,0.167,38,"John Paul Stevens says Brett Kavanaugh shouldn't be on the Supreme Court after his ""performance in the hearings""‚Ä¶ https://t.co/lz63mbhUZO",@CBSNews
238,0.4215,Thu Oct 04 22:14:57 +0000 2018,0.843,0.0,0.157,39,WATCH: Dog rescued after spending a week floating on couch in flooded home after Hurricane Florence‚Ä¶ https://t.co/Za4v98Upxt,@CBSNews
239,0.0,Thu Oct 04 22:00:01 +0000 2018,1.0,0.0,0.0,40,More than 6 million pounds of beef recalled due to possible salmonella https://t.co/bU4vqWGdQg https://t.co/Ku3Khbi8JA,@CBSNews
240,-0.4019,Thu Oct 04 21:39:39 +0000 2018,0.838,0.162,0.0,41,Best-selling author John Green on how he deals with obsessive-compulsive disorder and 'thought spirals'‚Ä¶ https://t.co/PVx7hUQVIr,@CBSNews
241,0.0,Thu Oct 04 21:19:53 +0000 2018,1.0,0.0,0.0,42,"All Palm Beach County, Florida, beaches closed over red tide health concerns https://t.co/1br123i9MX https://t.co/9U3noQ77mU",@CBSNews
242,0.2732,Thu Oct 04 20:59:45 +0000 2018,0.621,0.155,0.224,43,The case for pessimism: Cheery people earn less in business https://t.co/q107w4SM5s https://t.co/3xBl7ywrrX,@CBSNews
243,-0.6908,Thu Oct 04 20:39:57 +0000 2018,0.719,0.281,0.0,44,"Nike ""deeply concerned"" by ""disturbing"" rape allegations against soccer star Cristiano Ronaldo‚Ä¶ https://t.co/24bQ9gz53F",@CBSNews
244,0.0,Thu Oct 04 20:19:43 +0000 2018,1.0,0.0,0.0,45,"Mischa Barton joins ""The Hills"" reboot https://t.co/Xrwfemrswt https://t.co/qAmb2Xqztj",@CBSNews
245,0.0,Thu Oct 04 19:59:53 +0000 2018,1.0,0.0,0.0,46,Chris Evans appears to bid farewell to Captain America https://t.co/YJIRszj19d https://t.co/YXSEOC2WF6,@CBSNews
246,0.6486,Thu Oct 04 19:14:31 +0000 2018,0.782,0.0,0.218,47,Aspiring small business owners should be clear on their own skills before making the leap ‚Äî and finding help if the‚Ä¶ https://t.co/S2eY54pCoq,@CBSNews
247,0.3041,Thu Oct 04 19:02:34 +0000 2018,0.904,0.0,0.096,48,"""This is almost rock-bottom. I would like to have the future of mending things so that we can do things in a colleg‚Ä¶ https://t.co/yAodC03iSu",@CBSNews
248,0.2023,Thu Oct 04 18:39:53 +0000 2018,0.785,0.091,0.124,49,"WATCH: GOP Senators address FBI report on Kavanaugh
""There is no way anything we did would satisfy the Democrats. T‚Ä¶ https://t.co/mRoatyVQpw",@CBSNews
249,0.25,Thu Oct 04 18:29:54 +0000 2018,0.833,0.0,0.167,50,A-MAZE-ING: This corn maze in Utah is a fall-lover's dream https://t.co/Pf3u2lCwSd https://t.co/BQn93ojJc9,@CBSNews
250,-0.2732,Thu Oct 04 18:14:59 +0000 2018,0.738,0.168,0.094,51,"Lindsey Graham says Klobuchar should apologize to Kavanaugh over ""smear campaign"" https://t.co/xs7o7Hw9uN https://t.co/WgfArCafp1",@CBSNews
251,-0.6705,Thu Oct 04 17:59:45 +0000 2018,0.69,0.31,0.0,52,US service member killed in action in Afghanistan today https://t.co/SiRpHwavVQ https://t.co/I8qArCPaK4,@CBSNews
252,-0.7351,Thu Oct 04 17:44:31 +0000 2018,0.556,0.444,0.0,53,"Bedsheet ""nooses"" among ""serious violations"" at California ICE detention facility https://t.co/aTYpiVhXta https://t.co/eFVmTkg3re",@CBSNews
253,0.0,Thu Oct 04 17:30:04 +0000 2018,1.0,0.0,0.0,54,"Ben Sasse says he urged President Trump to appoint woman, rather than Kavanaugh https://t.co/zifGdawEK5 https://t.co/npd475O3i9",@CBSNews
254,-0.6705,Thu Oct 04 17:15:08 +0000 2018,0.769,0.231,0.0,55,"Man sent letters before car explosion that killed 3, including his son, authorities say https://t.co/cThxFptlTj https://t.co/2YgLFLDZDI",@CBSNews
255,0.6369,Thu Oct 04 17:01:20 +0000 2018,0.811,0.0,0.189,56,"INCREDIBLE: People are ""falling"" in love with these colorful autumn leaves captured by a drone flying high above Ut‚Ä¶ https://t.co/RIXbSPTs2A",@CBSNews
256,-0.4019,Thu Oct 04 16:56:04 +0000 2018,0.863,0.137,0.0,57,"RT @CBSEveningNews: STARTING NEXT WEEK: @jeffglor to anchor #CBSEveningNews from key battleground states - Arizona, Texas, Missouri &amp; Flori‚Ä¶",@CBSNews
257,0.0,Thu Oct 04 16:44:38 +0000 2018,1.0,0.0,0.0,58,"Mark Judge memoir offered for $1,800 on eBay https://t.co/9YWDCC16QB https://t.co/tTfbHaU7vd",@CBSNews
258,-0.1531,Thu Oct 04 16:29:40 +0000 2018,0.517,0.287,0.195,59,Justice Dept. announces charges against 7 Russian operatives for cyber attacks https://t.co/qA9DVSkUjn https://t.co/wkfbECTEYz,@CBSNews
259,-0.5423,Thu Oct 04 16:14:52 +0000 2018,0.656,0.239,0.104,60,"Twitter still flooded with shame accounts, four of five fake accounts that were active during the 2016 election sti‚Ä¶ https://t.co/RJ8jX6NeG2",@CBSNews
260,0.0,Thu Oct 04 15:59:33 +0000 2018,1.0,0.0,0.0,61,Soyuz capsule brings three station fliers back to Earth after 6 months in orbit https://t.co/MUOpfqtFzL https://t.co/Cgl6pvLr3g,@CBSNews
261,0.4019,Thu Oct 04 15:56:34 +0000 2018,0.704,0.085,0.211,62,"""You were surprised, why? I think the Democratic strategy is clear. Stall and re-stall...this is smashmouth raw pol‚Ä¶ https://t.co/pdGW6ONpuD",@CBSNews
262,0.5719,Thu Oct 04 15:52:46 +0000 2018,0.829,0.0,0.171,63,"WATCH: Democrats address FBI report on Kavanaugh

""Dr. Ford came forward and won America's hearts. Our Republican c‚Ä¶ https://t.co/gR2kSH7ryW",@CBSNews
263,-0.6124,Thu Oct 04 15:44:40 +0000 2018,0.667,0.333,0.0,64,Fourth victim dies from L.A.-area attacks on mostly homeless men https://t.co/tE0oVZvDLw https://t.co/qHWnU0HxpS,@CBSNews
264,0.0,Thu Oct 04 15:29:33 +0000 2018,1.0,0.0,0.0,65,"Astronomers find signs of ""exomoon"" in distant solar system https://t.co/d6riKDgYfL https://t.co/p2lZJLn6wh",@CBSNews
265,-0.3089,Thu Oct 04 15:26:59 +0000 2018,0.883,0.117,0.0,66,"""The facts do not support the allegations levied at Judge Kavanaugh's character,"" Senate Majority Leader Mitch McCo‚Ä¶ https://t.co/zsK9Vj3Hqo",@CBSNews
266,0.0,Thu Oct 04 15:14:38 +0000 2018,1.0,0.0,0.0,67,"When Walmart said it was raising wages in early 2015, the retailing behemoth may have unwittingly started a trend‚Ä¶ https://t.co/bXRd1JvQxu",@CBSNews
267,0.0,Thu Oct 04 15:11:37 +0000 2018,1.0,0.0,0.0,68,"""The most notable part of this report is what's not in it."" Senate Democrats are detailing the latest FBI report on‚Ä¶ https://t.co/ak1GKVPKf9",@CBSNews
268,0.5106,Thu Oct 04 15:00:58 +0000 2018,0.864,0.0,0.136,69,WATCH: This dog floated on a couch in the middle of a flooded house for nearly two weeks. And his rescue will melt‚Ä¶ https://t.co/9aAkEtJcjJ,@CBSNews
269,-0.4588,Thu Oct 04 14:44:37 +0000 2018,0.81,0.19,0.0,70,Vice President Pence plans to accuse China of trying to undermine President Trump as the administration deploys tou‚Ä¶ https://t.co/7RWFBMhK87,@CBSNews
270,0.6739,Thu Oct 04 14:30:30 +0000 2018,0.807,0.0,0.193,71,"MIRACLE WORKER: His whole life, this 6-year-old Texas boy was unable to speak. Then, a trip to the dentist changed‚Ä¶ https://t.co/sFVEB8wmoY",@CBSNews
271,0.6908,Thu Oct 04 14:14:46 +0000 2018,0.61,0.085,0.305,72,The U.S. Justice Department has charged seven Russian military intelligence officers with hacking anti-doping agenc‚Ä¶ https://t.co/RpmWefLpId,@CBSNews
272,-0.296,Thu Oct 04 14:00:00 +0000 2018,0.896,0.104,0.0,73,"Pres. Trump received at least $413 million in today's dollars from his father, much of that through questionable ta‚Ä¶ https://t.co/GL8Ge1mUfq",@CBSNews
273,0.0,Thu Oct 04 13:52:55 +0000 2018,1.0,0.0,0.0,74,"""The defendants targeted athletes and anti-doping agencies as retaliation for the outing of Russia's state sponsore‚Ä¶ https://t.co/XunrnySmpO",@CBSNews
274,0.0,Thu Oct 04 13:44:39 +0000 2018,1.0,0.0,0.0,75,"A family thought their 6-year-old son couldn‚Äôt speak, but a 30-second procedure at the dentist changed his life‚Ä¶ https://t.co/x7Q9RheCjt",@CBSNews
275,-0.8807,Thu Oct 04 13:30:38 +0000 2018,0.545,0.455,0.0,76,"Cristiano Ronaldo accuser had suicidal thoughts after alleged rape, lawyer says https://t.co/o0vsgTeXY8 https://t.co/seSbapHiFC",@CBSNews
276,-0.3818,Thu Oct 04 13:16:00 +0000 2018,0.833,0.167,0.0,77,Judge cites Trump comments in blocking U.S. move against immigrants from 4 nations https://t.co/fYSrCH4bhX https://t.co/4TnIbN060U,@CBSNews
277,0.872,Thu Oct 04 13:00:34 +0000 2018,0.502,0.078,0.42,78,"A good credit score could impact your ability to get a new home or car. But credit card debt, with high interest ra‚Ä¶ https://t.co/BC5gr5sqnT",@CBSNews
278,0.0,Thu Oct 04 12:58:19 +0000 2018,1.0,0.0,0.0,79,RT @CBSThisMorning: Researchers from the Washington University School of Medicine in St. Louis found consuming one to two drinks four or mo‚Ä¶,@CBSNews
279,-0.7845,Thu Oct 04 12:44:53 +0000 2018,0.723,0.277,0.0,80,A 30-year South Carolina police veteran was killed and 6 of his comrades were wounded when a man opened fire from i‚Ä¶ https://t.co/WNgRnuhALU,@CBSNews
280,0.3094,Thu Oct 04 12:35:53 +0000 2018,0.907,0.0,0.093,81,"RT @CBSThisMorning: The real question here is what do Senators Flake, Collins and Murkowski think of this? Do they think it's adequate? --‚Ä¶",@CBSNews
281,0.0,Thu Oct 04 12:30:29 +0000 2018,1.0,0.0,0.0,82,Deputy pushes stranded woman's wheelchair one mile to her home https://t.co/iknSnSGl3R https://t.co/cBai5b6u1U,@CBSNews
282,0.0,Thu Oct 04 12:30:01 +0000 2018,1.0,0.0,0.0,83,"RT @CBSThisMorning: ""I personally don't believe, as a prosecutor, you can have a credible and complete investigation without an interview o‚Ä¶",@CBSNews
283,-0.5859,Thu Oct 04 12:14:50 +0000 2018,0.817,0.183,0.0,84,"Track Palin, son of former Alaska Gov. Sarah Palin, to spend year in custody after assault arrests‚Ä¶ https://t.co/7OoGjoa4Xt",@CBSNews
284,-0.357,Thu Oct 04 12:04:47 +0000 2018,0.894,0.106,0.0,85,RT @NorahODonnell: We‚Äôll talk to @drtaranarula this morning about how a daily alcoholic drink may or may not benefit your health. What you‚Ä¶,@CBSNews
285,0.0,Thu Oct 04 12:00:52 +0000 2018,1.0,0.0,0.0,86,"President Trump has said for decades that he's a self-made billionaire. But, a new investigation reveals a differen‚Ä¶ https://t.co/RsslbV0htt",@CBSNews
286,0.0,Thu Oct 04 11:59:00 +0000 2018,1.0,0.0,0.0,87,"RT @NorahODonnell: There are still many unanswered questions about the FBI inquiry into Brett #Kavanaugh - coming up on @CBSThisMorning, @F‚Ä¶",@CBSNews
287,0.4215,Thu Oct 04 11:44:43 +0000 2018,0.575,0.132,0.293,88,Police boost security at Capitol amid tension over Brett Kavanaugh confirmation https://t.co/DgMnr7ubtJ https://t.co/pteXrKFxlH,@CBSNews
288,0.7096,Thu Oct 04 11:40:58 +0000 2018,0.789,0.0,0.211,89,RT @CBSThisMorning: FEMA is calling its first test of the new presidential alert system a success. The mass cell phone blast went out at 2:‚Ä¶,@CBSNews
289,-0.5994,Thu Oct 04 11:38:04 +0000 2018,0.583,0.256,0.162,90,RT @CBSThisMorning: Indonesian marines are pouring into the area devastated by an earthquake and tsunami to help with rescues. The death to‚Ä¶,@CBSNews
290,-0.296,Thu Oct 04 11:37:32 +0000 2018,0.796,0.128,0.075,91,RT @CBSThisMorning: Amazon faces criticism after revealing changes to employee compensation tied to its minimum wage hike. They announced i‚Ä¶,@CBSNews
291,-0.0516,Thu Oct 04 11:30:47 +0000 2018,0.915,0.085,0.0,92,"Indonesia earthquake and tsunami leave more than 70,000 homeless in hard-hit Palu https://t.co/RoDMMM1y1c https://t.co/UunrKswmmP",@CBSNews
292,0.4019,Thu Oct 04 11:17:00 +0000 2018,0.756,0.084,0.16,93,RT @CBSThisMorning: The FBI investigation that delayed a confirmation vote on Supreme Court nominee Brett Kavanaugh is finished. The report‚Ä¶,@CBSNews
293,0.4019,Thu Oct 04 11:15:58 +0000 2018,0.732,0.093,0.176,94,Senators will review FBI findings today after investigation that delayed a confirmation vote on Supreme Court nomin‚Ä¶ https://t.co/x9UXXep6Ee,@CBSNews
294,-0.4588,Thu Oct 04 11:09:51 +0000 2018,0.786,0.214,0.0,95,Mom says teachers forced young daughter with autism into closet https://t.co/XsqWTCPTg0 https://t.co/ILS0lDrkbM,@CBSNews
295,0.0,Thu Oct 04 10:58:36 +0000 2018,1.0,0.0,0.0,96,"Ahead in @CBSThisMorning's #AMorePerfectUnion series, a Navy veteran with PTSD finds solace in fly fishing. Learn h‚Ä¶ https://t.co/PzmlVupz3l",@CBSNews
296,0.5574,Thu Oct 04 10:50:28 +0000 2018,0.806,0.0,0.194,97,Today senators start reviewing the now finished FBI inquiry into Supreme Court nominee Brett Kavanaugh.‚Ä¶ https://t.co/0NzVG5DkYr,@CBSNews
297,0.4588,Thu Oct 04 10:41:45 +0000 2018,0.824,0.0,0.176,98,"Barnes &amp; Noble says it's exploring strategic alternatives, including a possible sale of the company‚Ä¶ https://t.co/AOc5x9cYYy",@CBSNews
298,-0.6705,Thu Oct 04 10:25:02 +0000 2018,0.756,0.244,0.0,99,"Netherlands says Russia tried cyberattack on global chemical weapons agency, expels at least four men linked to the‚Ä¶ https://t.co/7QZyvKgM7V",@CBSNews
299,0.0,Thu Oct 04 10:03:03 +0000 2018,1.0,0.0,0.0,100,Space station crew members set for return to Earth after lengthy mission https://t.co/XBfHSizXjg https://t.co/JOfyW5gc6P,@CBSNews
300,0.5574,Thu Oct 04 23:30:55 +0000 2018,0.841,0.0,0.159,1,"A cloture vote for Supreme Court nominee Brett Kavanaugh is set for Friday morning, moving the Senate closer to a c‚Ä¶ https://t.co/e3hE5sNRLm",@cnnbrk
301,-0.6124,Thu Oct 04 23:04:54 +0000 2018,0.75,0.25,0.0,2,Capitol Police arrested 302 protesters during demonstrations at Senate Office buildings over the Brett Kavanaugh no‚Ä¶ https://t.co/ctmR9Oaybh,@cnnbrk
302,-0.6808,Thu Oct 04 22:05:42 +0000 2018,0.485,0.381,0.134,3,Two protesters opposed to Brett Kavanaugh's Supreme Court nomination were arrested on suspicion of blocking the ent‚Ä¶ https://t.co/W5FIGs2xcd,@cnnbrk
303,-0.6808,Thu Oct 04 17:21:50 +0000 2018,0.72,0.28,0.0,4,"Nineties rap mogul Marion ""Suge"" Knight is sentenced to 28 years in prison after pleading no contest to manslaughte‚Ä¶ https://t.co/DCe5plFDkp",@cnnbrk
304,0.0258,Thu Oct 04 13:58:17 +0000 2018,0.679,0.181,0.14,5,Seven Russian intelligence officers are charged in a US indictment alleging the use of cybercrimes to distract from‚Ä¶ https://t.co/GWDsGParc7,@cnnbrk
305,0.0,Thu Oct 04 13:19:59 +0000 2018,1.0,0.0,0.0,6,A massive recall of 6.5 million pounds of beef is issued after a salmonella outbreak is linked to meat sold across‚Ä¶ https://t.co/OIqRvu4sNB,@cnnbrk
306,-0.6705,Thu Oct 04 13:03:45 +0000 2018,0.791,0.209,0.0,7,"A US service member assigned to the NATO mission in Afghanistan was killed on Thursday, the Pentagon says‚Ä¶ https://t.co/heEDOwDCAa",@cnnbrk
307,0.5574,Thu Oct 04 10:29:52 +0000 2018,0.816,0.0,0.184,8,Senate Judiciary Committee has received the supplemental FBI background file on Supreme Court nominee Brett Kavanau‚Ä¶ https://t.co/Lel2EgRcGq,@cnnbrk
308,0.6124,Thu Oct 04 02:47:23 +0000 2018,0.762,0.0,0.238,9,Australia's busiest airport was on high alert Thursday after a United Airlines flight from Los Angeles issued a may‚Ä¶ https://t.co/jQ1RuHC2tS,@cnnbrk
309,-0.5106,Thu Oct 04 02:42:32 +0000 2018,0.788,0.212,0.0,10,"RT @CNNPolitics: Capitol Police arrest a man suspected of ""doxing"" lawmakers ‚Äî or posting their private information online ‚Äî during Supreme‚Ä¶",@cnnbrk
310,0.0,Thu Oct 04 02:13:06 +0000 2018,1.0,0.0,0.0,11,RT @CNNPolitics: BREAKING: Senate Majority Leader Mitch McConnell takes a key step toward the vote on Brett Kavanaugh's nomination https://‚Ä¶,@cnnbrk
311,0.2023,Thu Oct 04 01:47:23 +0000 2018,0.706,0.124,0.171,12,A California federal judge temporarily blocked Trump's administration from stripping Temporary Protected Status fro‚Ä¶ https://t.co/1QOnVq0BOI,@cnnbrk
312,-0.3818,Thu Oct 04 01:16:16 +0000 2018,0.874,0.126,0.0,13,"James Roche, one of Kavanaugh‚Äôs freshman roommates, says Kavanaugh lied under oath about his drinking and about the‚Ä¶ https://t.co/PAbub0JmFa",@cnnbrk
313,-0.6369,Thu Oct 04 01:13:39 +0000 2018,0.802,0.198,0.0,14,"Seven law enforcement officers were shot, one fatally, during a standoff in South Carolina, as sheriff's deputies w‚Ä¶ https://t.co/SX27SQ7tbd",@cnnbrk
314,0.0,Thu Oct 04 00:25:29 +0000 2018,1.0,0.0,0.0,15,"RT @CNNPolitics: Senators will be able to start reading the Kavanugh FBI report Thursday morning, sources say https://t.co/Q5vSw5VaYv https‚Ä¶",@cnnbrk
315,-0.5574,Wed Oct 03 23:03:25 +0000 2018,0.825,0.175,0.0,16,"One of the five law enforcement officers shot in South Carolina has died, Florence County coroner says‚Ä¶ https://t.co/cpcaoISDRH",@cnnbrk
316,-0.296,Wed Oct 03 22:16:58 +0000 2018,0.885,0.115,0.0,17,"Five law enforcement officers have been shot in Florence County, South Carolina, sheriff's deputy says. A suspect i‚Ä¶ https://t.co/6BtjVK7Sok",@cnnbrk
317,-0.34,Wed Oct 03 20:31:50 +0000 2018,0.897,0.103,0.0,18,The Senate passes legislation to combat the opioid epidemic by a vote of 98-1. The bill now heads to the White Hous‚Ä¶ https://t.co/hxvRTSav7v,@cnnbrk
318,-0.5859,Wed Oct 03 18:26:36 +0000 2018,0.814,0.186,0.0,19,"US officials just ran a big test of an emergency system that uses your cell phone. We have the FAQs (and no, Presid‚Ä¶ https://t.co/wRL0kZsHSU",@cnnbrk
319,0.0,Wed Oct 03 18:14:59 +0000 2018,1.0,0.0,0.0,20,"Astronomers say they may have made the first discovery of an exomoon, a moon outside our solar system‚Ä¶ https://t.co/IN5GguVUee",@cnnbrk
320,-0.4019,Wed Oct 03 17:39:20 +0000 2018,0.863,0.137,0.0,21,"Sarah Sanders says President Trump was ""stating the facts"" in comments seen as mocking Kavanaugh accuser's testimon‚Ä¶ https://t.co/H7R85pvMmV",@cnnbrk
321,0.1779,Wed Oct 03 17:29:47 +0000 2018,0.633,0.148,0.219,22,"RT @CNNPolitics: ""The Iranian regime has systematically pursued a policy of hostility toward the United States,‚Äù national security adviser‚Ä¶",@cnnbrk
322,-0.765,Wed Oct 03 15:15:12 +0000 2018,0.72,0.28,0.0,23,Soccer star Cristiano Ronaldo tweets a denial of rape allegations in an American woman's lawsuit and says he awaits‚Ä¶ https://t.co/K4k6MEfLGQ,@cnnbrk
323,0.0,Wed Oct 03 13:46:43 +0000 2018,1.0,0.0,0.0,24,RT @CNNMoney: Stocks race higher at the open. Dow rises 140 points to all-time high. S&amp;P 500 and Nasdaq advance 0.4%. JCPenney jumps 8% as‚Ä¶,@cnnbrk
324,-0.4019,Wed Oct 03 13:44:18 +0000 2018,0.856,0.144,0.0,25,"Sen. Susan Collins, a key GOP vote on Brett Kavanaugh's nomination, says President Trump's comments mocking Christi‚Ä¶ https://t.co/QtxLRCHbGH",@cnnbrk
325,-0.6486,Wed Oct 03 12:09:00 +0000 2018,0.815,0.185,0.0,26,"Grammy Award-winning sound engineer Geoff Emerick, who worked on several Beatles albums, is dead at age 72. He also‚Ä¶ https://t.co/c96pd4ZoXE",@cnnbrk
326,0.5859,Wed Oct 03 11:12:30 +0000 2018,0.769,0.0,0.231,27,France has frozen assets of Iran's intelligence services and two Iranian nationals after linking them to a thwarted‚Ä¶ https://t.co/eLAodf53qY,@cnnbrk
327,-0.5859,Wed Oct 03 01:51:46 +0000 2018,0.817,0.183,0.0,28,FBI is expanding its inquiry into sexual assault allegations against Brett Kavanaugh beyond the initial four interv‚Ä¶ https://t.co/ykJ8CJbf2V,@cnnbrk
328,-0.3182,Wed Oct 03 00:40:35 +0000 2018,0.887,0.113,0.0,29,"RT @CNN: During a rally in Mississippi, President Trump directly mocked Christine Blasey Ford‚Äôs testimony before the Senate Judiciary Commi‚Ä¶",@cnnbrk
329,0.0,Tue Oct 02 23:40:56 +0000 2018,1.0,0.0,0.0,30,RT @CNNMoney: Facebook doesn't think hackers accessed third-party sites https://t.co/23AYilaYqu https://t.co/42vOku6z3d,@cnnbrk
330,0.0,Tue Oct 02 23:39:59 +0000 2018,1.0,0.0,0.0,31,Envelope addressed to Trump contains substance believed to be ricin and appears connected to similar mail sent to P‚Ä¶ https://t.co/9o6pfAQQIz,@cnnbrk
331,0.0,Tue Oct 02 21:52:59 +0000 2018,1.0,0.0,0.0,32,"Secretary of State Mike Pompeo will meet with North Korean dictator Kim Jong Un in Pyongyang on Sunday, the State D‚Ä¶ https://t.co/NG95Ozq6ZI",@cnnbrk
332,0.0,Tue Oct 02 20:58:49 +0000 2018,1.0,0.0,0.0,33,"JCPenney names veteran retail leader Jill Soltau as its new CEO, making her one of only a handful of female CEOs le‚Ä¶ https://t.co/X0UAZDZXQd",@cnnbrk
333,-0.5106,Tue Oct 02 18:57:04 +0000 2018,0.829,0.171,0.0,34,"Federal authorities charge four men with inciting rioting and assaulting counterprotesters at last year's ""Unite th‚Ä¶ https://t.co/dnCJoTuV5a",@cnnbrk
334,0.0,Tue Oct 02 18:29:03 +0000 2018,1.0,0.0,0.0,35,"Indonesian officials raise the toll from Friday's earthquake and tsunami to 1,234 deaths after the bodies of 34 peo‚Ä¶ https://t.co/zfwkr1vluL",@cnnbrk
335,0.128,Tue Oct 02 17:05:40 +0000 2018,0.923,0.0,0.077,36,"The toxic compound ricin has been detected in two envelopes delivered to the Pentagon's mail facility, a defense of‚Ä¶ https://t.co/JkiliFMya2",@cnnbrk
336,-0.4588,Tue Oct 02 15:53:19 +0000 2018,0.606,0.273,0.121,37,"A fight that Brett Kavanaugh was accused of starting led to the arrest of Yale friend Chris Dudley, a police report‚Ä¶ https://t.co/i7Duo6NODm",@cnnbrk
337,0.4939,Tue Oct 02 15:11:44 +0000 2018,0.849,0.0,0.151,38,"The FBI is done interviewing Brett Kavanaugh's high school friend Mark Judge, a lawyer for Judge says. Follow live‚Ä¶ https://t.co/6MNjjF8F4M",@cnnbrk
338,0.0,Tue Oct 02 13:43:15 +0000 2018,1.0,0.0,0.0,39,"RT @CNNMoney: Markets open little changed. S&amp;P 500 and Nasdaq dip 0.1%. Tesla rises 2% after saying it delivered 83,500 vehicles in the thi‚Ä¶",@cnnbrk
339,0.6808,Tue Oct 02 13:27:06 +0000 2018,0.741,0.0,0.259,40,"Tesla says the company delivered 83,500 vehicles during the third quarter, a strong performance that should calm in‚Ä¶ https://t.co/PMNQ9ZaLdh",@cnnbrk
340,0.2263,Tue Oct 02 13:00:48 +0000 2018,0.905,0.0,0.095,41,A law change will allow heterosexual couples in England and Wales to enter into civil partnerships instead of marri‚Ä¶ https://t.co/939V98BJWV,@cnnbrk
341,0.1779,Tue Oct 02 10:23:26 +0000 2018,0.904,0.0,0.096,42,"Amazon announces a $15 an hour minimum wage for US employees, a move benefiting more than 250,000 workers‚Ä¶ https://t.co/nx6eci3lXq",@cnnbrk
342,0.8625,Tue Oct 02 10:10:00 +0000 2018,0.575,0.0,0.425,43,"The 2018 award celebrates groundbreaking laser inventions. It‚Äôs shared between three physicists, including the firs‚Ä¶ https://t.co/hA3Xwl5vwJ",@cnnbrk
343,-0.6808,Tue Oct 02 08:27:15 +0000 2018,0.763,0.237,0.0,44,"More than 1,200 people died in the earthquake and tsunami that struck Indonesia four days ago, officials now say https://t.co/YwtJhG8j1O",@cnnbrk
344,0.0,Mon Oct 01 23:28:35 +0000 2018,1.0,0.0,0.0,45,Microsoft co-founder Paul Allen says his non-Hodgkin's lymphoma has returned. Allen was treated for the disease in‚Ä¶ https://t.co/wlZzr2neuw,@cnnbrk
345,-0.5574,Mon Oct 01 22:16:20 +0000 2018,0.833,0.167,0.0,46,A North Carolina man died from a bacterial infection after scraping his leg doing yard work related to Hurricane Fl‚Ä¶ https://t.co/66MK88JLEO,@cnnbrk
346,-0.6705,Mon Oct 01 21:41:40 +0000 2018,0.809,0.191,0.0,47,A man and his 2-year-old son were identified as among the three people killed when a car exploded Saturday in Allen‚Ä¶ https://t.co/n6ZyfxhFTV,@cnnbrk
347,-0.6808,Mon Oct 01 17:41:02 +0000 2018,0.772,0.228,0.0,48,Musician Cardi B turns herself in to NYPD and is charged with assault in connection with an incident at a New York‚Ä¶ https://t.co/RFfZrSVcVI,@cnnbrk
348,-0.6597,Mon Oct 01 15:52:06 +0000 2018,0.787,0.213,0.0,49,A Chinese destroyer came as close as 45 feet to a US Navy ship operating near disputed islands in the South China S‚Ä¶ https://t.co/SRatUbSsV2,@cnnbrk
349,-0.25,Mon Oct 01 15:14:51 +0000 2018,0.909,0.091,0.0,50,Watch and follow live: President Trump talks about the deal to revamp NAFTA that's been struck after more than a ye‚Ä¶ https://t.co/WxUUZ8Qloc,@cnnbrk
350,-0.5106,Mon Oct 01 13:47:36 +0000 2018,0.798,0.202,0.0,51,"Officers fatally shot a patient at Orlando Regional Medical Center who claimed he had a gun but didn't, police chie‚Ä¶ https://t.co/kianVqRAfO",@cnnbrk
351,-0.6486,Mon Oct 01 13:46:47 +0000 2018,0.823,0.177,0.0,52,"Veteran French singer and songwriter Charles Aznavour is dead at 94. Known for his hits ""She"" and ""Hier Encore,"" he‚Ä¶ https://t.co/JXFvzhgfwy",@cnnbrk
352,0.0,Mon Oct 01 11:28:54 +0000 2018,1.0,0.0,0.0,53,"General Electric, mired in a deep slump, has ousted CEO John Flannery after barely a year on the job‚Ä¶ https://t.co/XoxwEhv9iV",@cnnbrk
353,-0.5574,Mon Oct 01 10:55:42 +0000 2018,0.777,0.223,0.0,54,German federal prosecutors say they have detained six men who are suspected of having formed a far-right terrorist‚Ä¶ https://t.co/VqfsNT7Dof,@cnnbrk
354,0.7906,Mon Oct 01 10:07:59 +0000 2018,0.708,0.0,0.292,55,American James Allison and Japan's Tasuku Honjo have won the 2018 Nobel Prize in Medicine for a pioneering approach‚Ä¶ https://t.co/6DT503ovk1,@cnnbrk
355,0.0,Mon Oct 01 03:33:16 +0000 2018,1.0,0.0,0.0,56,Outside counsel tells Republican senators 'reasonable prosecutor' would not bring Ford case against Kavanaugh https://t.co/ydVAXRE3LP,@cnnbrk
356,0.4939,Mon Oct 01 02:39:41 +0000 2018,0.856,0.0,0.144,57,"Canada signed on to an agreement that will preserve NAFTA trade pact, two US officials and a Canadian official say https://t.co/wiRuKF9Eo2",@cnnbrk
357,-0.6808,Mon Oct 01 01:59:38 +0000 2018,0.777,0.223,0.0,58,"A Las Vegas woman sues soccer star Cristiano Ronaldo, alleging that he raped her in 2009 https://t.co/8hYiB4mVuR https://t.co/mVFBAEzRci",@cnnbrk
358,-0.3182,Mon Oct 01 01:21:02 +0000 2018,0.794,0.138,0.069,59,"California passes the nation's strictest net neutrality law, which prevents internet providers from blocking or slo‚Ä¶ https://t.co/O589lqpTrK",@cnnbrk
359,0.5106,Sun Sep 30 20:53:12 +0000 2018,0.786,0.057,0.157,60,"The FBI spoke today with Deborah Ramirez, who says Supreme Court nominee Brett Kavanaugh exposed himself to her, a‚Ä¶ https://t.co/4lPMO2079c",@cnnbrk
360,0.0,Sun Sep 30 19:18:51 +0000 2018,1.0,0.0,0.0,61,"The White House is coordinating with GOP senators to narrow the scope of the Kavanaugh investigation, sources say,‚Ä¶ https://t.co/IaEQ3r30rP",@cnnbrk
361,-0.1027,Sun Sep 30 16:18:53 +0000 2018,0.935,0.065,0.0,62,"RT @CNNPolitics: Democratic Sen. Amy Klobuchar, a member of the Senate Judiciary Committee, says she was ‚Äúreally stunned by how (Brett Kava‚Ä¶",@cnnbrk
362,0.0,Sun Sep 30 16:18:23 +0000 2018,1.0,0.0,0.0,63,RT @CNNPolitics: White House counselor Kellyanne Conway say the FBI investigation into Brett Kavanaugh is ‚Äúnot meant to be a fishing expedi‚Ä¶,@cnnbrk
363,-0.5994,Sun Sep 30 07:50:21 +0000 2018,0.794,0.206,0.0,64,"The death toll from an earthquake and tsunami now exceeds 830 people,  Indonesian officials say.‚Ä¶ https://t.co/3MIg47GArP",@cnnbrk
364,-0.4215,Sat Sep 29 21:56:43 +0000 2018,0.84,0.16,0.0,65,"Tesla CEO Elon Musk will resign as company chairman and pay $20 million in a settlement with the SEC, after it sued‚Ä¶ https://t.co/GRecfKRfnO",@cnnbrk
365,-0.8442,Sat Sep 29 17:04:14 +0000 2018,0.664,0.336,0.0,66,"Two police officers were killed in a shootout in Brookhaven, Mississippi, responding to a call about shots fired, a‚Ä¶ https://t.co/cJca3J3RwL",@cnnbrk
366,-0.8176,Sat Sep 29 16:43:12 +0000 2018,0.605,0.395,0.0,67,Police arrest a suspect in the shooting death of Louisiana State University basketball player Wayde Sims‚Ä¶ https://t.co/Z16IamshpZ,@cnnbrk
367,0.4215,Sat Sep 29 16:34:25 +0000 2018,0.859,0.0,0.141,68,A rare and powerful hurricane-like storm roars across Greece triggering flooding as it makes its way toward Turkey‚Ä¶ https://t.co/cfVZSrm0xt,@cnnbrk
368,0.0,Sat Sep 29 14:09:25 +0000 2018,1.0,0.0,0.0,69,Typhoon Trami unleashed heavy winds and rain on southern Japan as it slowly marched toward the nation's main island‚Ä¶ https://t.co/NnGbeTpr2p,@cnnbrk
369,0.4215,Sat Sep 29 08:31:30 +0000 2018,0.851,0.0,0.149,70,Rescuers scrambled to find survivors after a powerful earthquake hit the Indonesian island of Sulawesi and triggere‚Ä¶ https://t.co/QGVicMQYJu,@cnnbrk
370,-0.8055,Sat Sep 29 05:02:58 +0000 2018,0.723,0.277,0.0,71,At least 48 people are dead and  more than 350 injured after a series of earthquakes and a tsunami hit the Indonesi‚Ä¶ https://t.co/eDNdUcgWA9,@cnnbrk
371,-0.2263,Sat Sep 29 01:56:54 +0000 2018,0.905,0.095,0.0,72,Federal judge rules that lawsuit by Democratic lawmakers against Trump over foreign payments to his business can pr‚Ä¶ https://t.co/kH41Mk5Jul,@cnnbrk
372,0.0,Sat Sep 29 01:21:05 +0000 2018,1.0,0.0,0.0,73,"Marty Balin, whose tenor voice provided hits for the '60s psychedelic rock band Jefferson Airplane, dies at age 76‚Ä¶ https://t.co/7Qfiguy0oP",@cnnbrk
373,0.5574,Fri Sep 28 21:34:32 +0000 2018,0.841,0.0,0.159,74,RT @CNNPolitics: JUST IN: President Donald Trump has ordered the FBI to conduct a week-long investigation into Supreme Court nominee Brett‚Ä¶,@cnnbrk
374,0.6597,Fri Sep 28 20:16:44 +0000 2018,0.759,0.0,0.241,75,"Senate GOP agrees to a week for an FBI investigation into US Supreme Court nominee Brett Kavanaugh, delaying a conf‚Ä¶ https://t.co/Sx1ddc4nRI",@cnnbrk
375,-0.5574,Fri Sep 28 19:43:36 +0000 2018,0.833,0.167,0.0,76,"Six Palestinians died after being shot by Israeli soldiers along the fence that separates Gaza and Israel, Palestin‚Ä¶ https://t.co/dPEkfs3x4Z",@cnnbrk
376,-0.34,Fri Sep 28 19:29:46 +0000 2018,0.893,0.107,0.0,77,The House passes the final version of a legislative package that aims to combat the opioid epidemic by a vote of 39‚Ä¶ https://t.co/3eSpgLEGNU,@cnnbrk
377,0.4854,Fri Sep 28 18:04:58 +0000 2018,0.644,0.095,0.262,78,Senate panel approves Brett Kavanaugh's Supreme Court nomination but full vote could be delayed to allow for FBI in‚Ä¶ https://t.co/IEHMpibH1Z,@cnnbrk
378,-0.5267,Fri Sep 28 17:05:39 +0000 2018,0.761,0.239,0.0,79,Facebook says an attack discovered earlier this week exposed information on nearly 50 million users‚Ä¶ https://t.co/pAAQZDfGUz,@cnnbrk
379,0.5574,Fri Sep 28 15:43:11 +0000 2018,0.825,0.0,0.175,80,"Democratic Sen. Joe Donnelly, a key vote for Supreme Court nominee Brett Kavanaugh's confirmation, says he will vot‚Ä¶ https://t.co/JhWURmyOJs",@cnnbrk
380,-0.4215,Fri Sep 28 14:36:09 +0000 2018,0.661,0.227,0.112,81,"RT @CNNPolitics: Moments after announcing his support for Kavanaugh, Sen. Jeff Flake was immediately confronted by furious demonstrators wh‚Ä¶",@cnnbrk
381,0.5574,Fri Sep 28 13:58:17 +0000 2018,0.841,0.0,0.159,82,The Senate Judiciary Committee moves to vote on Brett Kavanaugh's nomination to the Supreme Court at 1:30 p.m. ET.‚Ä¶ https://t.co/5pxklRhpcj,@cnnbrk
382,0.743,Fri Sep 28 13:44:20 +0000 2018,0.73,0.0,0.27,83,Sen. Jeff Flake will vote yes to confirm Supreme Court nominee Brett Kavanaugh. He was considered a Republican swin‚Ä¶ https://t.co/1dGjgeImX5,@cnnbrk
383,-0.6705,Fri Sep 28 13:06:27 +0000 2018,0.809,0.191,0.0,84,Iraqi social media star and model Tara Fares has been killed in Baghdad. An official says two motorcyclists opened‚Ä¶ https://t.co/KcpUYACTuJ,@cnnbrk
384,0.5574,Fri Sep 28 04:15:35 +0000 2018,0.833,0.0,0.167,85,The American Bar Association is calling on the Senate Judiciary Committee to halt consideration of Supreme Court no‚Ä¶ https://t.co/v6vKnGExAJ,@cnnbrk
385,0.5574,Fri Sep 28 00:33:11 +0000 2018,0.825,0.0,0.175,86,The Senate Judiciary Committee will vote Friday morning on whether to push Brett Kavanaugh's Supreme Court nominati‚Ä¶ https://t.co/nVFlSMxspB,@cnnbrk
386,0.3612,Thu Sep 27 23:55:49 +0000 2018,0.583,0.152,0.265,87,RT @CNNPolitics: A once frustrated President Trump becomes optimistic about his Supreme Court nominee Brett Kavanaugh https://t.co/ascV5Gty‚Ä¶,@cnnbrk
387,0.5574,Thu Sep 27 23:29:17 +0000 2018,0.841,0.0,0.159,88,RT @CNNPolitics: JUST IN: Key senators are huddling privately to discuss the future of Supreme Court nominee Brett Kavanaugh https://t.co/w‚Ä¶,@cnnbrk
388,-0.4404,Thu Sep 27 21:15:09 +0000 2018,0.782,0.218,0.0,89,"GOP Sen. Lindsey Graham harshly criticized Democratic colleagues during questioning of Brett Kavanaugh, calling the‚Ä¶ https://t.co/Paq3V66xYs",@cnnbrk
389,0.296,Thu Sep 27 20:28:51 +0000 2018,0.909,0.0,0.091,90,Tesla CEO Elon Musk is sued by the Securities and Exchange Commission after he tweeted he had funding to take the c‚Ä¶ https://t.co/cOnHrIcI5X,@cnnbrk
390,-0.4939,Thu Sep 27 19:40:07 +0000 2018,0.583,0.275,0.142,91,"Brett Kavanaugh passionately denies the allegations of sexual assault against him in his opening statement, calling‚Ä¶ https://t.co/HtWtDgvy5D",@cnnbrk
391,0.5574,Thu Sep 27 19:10:47 +0000 2018,0.825,0.0,0.175,92,Supreme Court nominee Brett Kavanaugh testifies following dramatic testimony from the woman who says he sexually as‚Ä¶ https://t.co/pknsx6aMdf,@cnnbrk
392,-0.5423,Thu Sep 27 18:38:27 +0000 2018,0.8,0.2,0.0,93,"Officials believe they have found the body of Maddox Ritch, an autistic 6-year-old missing since his dad lost sight‚Ä¶ https://t.co/njPt3pBmZo",@cnnbrk
393,-0.4939,Thu Sep 27 16:39:28 +0000 2018,0.862,0.138,0.0,94,The prosecutor hired by Republicans asked Christine Blasey Ford about her fear of flying and other trips she has ta‚Ä¶ https://t.co/8BkKrzGwwt,@cnnbrk
394,0.4404,Thu Sep 27 15:22:23 +0000 2018,0.879,0.0,0.121,95,RT @CNNPolitics: Christine Blasey Ford provides what she says is her strongest memory of the incident: ‚ÄúIndelible in the hippocampus is the‚Ä¶,@cnnbrk
395,0.7169,Thu Sep 27 15:12:19 +0000 2018,0.794,0.0,0.206,96,"RT @CNNPolitics: Feinstein: ""How are you so sure that it was (Kavanaugh)?‚Äù

Ford: ""The same way that I'm sure that I'm talking to you right‚Ä¶",@cnnbrk
396,-0.1779,Thu Sep 27 15:08:39 +0000 2018,0.914,0.086,0.0,97,"Christine Blasey Ford, her voice shaking, describes the night in the 1980s when she alleges Brett Kavanaugh sexuall‚Ä¶ https://t.co/nKT0fTePNg",@cnnbrk
397,0.0,Thu Sep 27 14:54:45 +0000 2018,1.0,0.0,0.0,98,RT @CNNPolitics: Christine Blasey Ford details how she met Brett Kavanaugh in her opening remarks: ‚ÄúBut the details about that night that b‚Ä¶,@cnnbrk
398,-0.6395,Thu Sep 27 14:52:59 +0000 2018,0.808,0.192,0.0,99,RT @CNNPolitics: Christine Blasey Ford: ‚ÄúI am here today not because I want to be. I am terrified. I am here because I believe it is my civ‚Ä¶,@cnnbrk
399,0.0,Thu Sep 27 14:43:11 +0000 2018,1.0,0.0,0.0,100,"Christine Blasey Ford tells a Senate panel she is ""terrified"" to testify but feels it is her ""civic duty""‚Ä¶ https://t.co/7RsWbhvDQH",@cnnbrk
400,0.0,Fri Oct 05 07:00:04 +0000 2018,1.0,0.0,0.0,1,"‚ÄúForeign mercenaries will never be allowed in this country,‚Äù Afghanistan's president said, indirectly referring to‚Ä¶ https://t.co/oNx2tZ8vYv",@nytimes
401,0.2023,Fri Oct 05 06:45:06 +0000 2018,0.913,0.0,0.087,2,The mysterious company known as CEFC China was in the oil business. Now prosecutors say a top official explored ano‚Ä¶ https://t.co/kxNwUPKied,@nytimes
402,-0.4939,Fri Oct 05 06:30:08 +0000 2018,0.849,0.151,0.0,3,"When rescuers arrived at the buildings destroyed by an earthquake and tsunami in Palu, Indonesia, they first heard‚Ä¶ https://t.co/qjoswa41Qs",@nytimes
403,-0.7717,Fri Oct 05 06:15:07 +0000 2018,0.494,0.38,0.125,4,"In Malaysia, what began as a routine rescue went horribly awry with a shocking swiftness. Six firefighters drowned. https://t.co/RN74gtTC7Q",@nytimes
404,0.0,Fri Oct 05 06:00:09 +0000 2018,1.0,0.0,0.0,5,"Yer a museum exhibit, Harry https://t.co/nRrWVIv88V",@nytimes
405,-0.7845,Fri Oct 05 05:53:54 +0000 2018,0.743,0.257,0.0,6,"RT @MujMash: What explains Ghani gov's sudden anger at Blackwater's Erik Prince? 

We have been following a story on how officials fear Pri‚Ä¶",@nytimes
406,0.4767,Fri Oct 05 05:45:03 +0000 2018,0.86,0.0,0.14,7,"Thousands of immigrants from El Salvador, Haiti, Nicaragua and Sudan are breathing sighs of relief: For now, they c‚Ä¶ https://t.co/TbVpQZbjju",@nytimes
407,-0.1027,Fri Oct 05 05:30:04 +0000 2018,0.938,0.062,0.0,8,"‚ÄúOnce you engineer a virus that spreads by insect, it is hard to imagine how you would ever control it,‚Äù one critic‚Ä¶ https://t.co/xpFnEckok5",@nytimes
408,0.4019,Fri Oct 05 05:15:04 +0000 2018,0.791,0.065,0.144,9,"In 2015, Leon Lederman, a Nobel Prize-winning physicist, had to sell his medal for $765,000 to pay medical bills https://t.co/YYmtoEoEP8",@nytimes
409,0.0,Fri Oct 05 05:02:03 +0000 2018,1.0,0.0,0.0,10,RT @amyyqin: In what other job would eating everything in sight at a Taiwanese night market be considered work? #lovemyjob My story on Q te‚Ä¶,@nytimes
410,0.4939,Fri Oct 05 04:47:02 +0000 2018,0.802,0.0,0.198,11,"‚ÄúWhat they have shown is that certain journals, and perhaps to an extent certain fields, can‚Äôt distinguish between‚Ä¶ https://t.co/2dLV5YQnPp",@nytimes
411,-0.296,Fri Oct 05 04:32:02 +0000 2018,0.919,0.081,0.0,12,"RT @nytopinion: Only by voting no, by asking Trump to send someone else for it to consider, can the Senate pass its test of institutional c‚Ä¶",@nytimes
412,-0.4939,Fri Oct 05 04:17:01 +0000 2018,0.811,0.189,0.0,13,President Trump mocked former Senator Al Franken for folding ‚Äúlike a wet rag‚Äù and quickly resigning last year in th‚Ä¶ https://t.co/aZpFHG8XsN,@nytimes
413,0.7717,Fri Oct 05 04:02:05 +0000 2018,0.641,0.078,0.281,14,"Mia Love, the only black Republican woman in Congress, won her last election by nearly 13 points. But Democrats see‚Ä¶ https://t.co/1uHAZTCY4e",@nytimes
414,0.1779,Fri Oct 05 03:47:01 +0000 2018,0.733,0.115,0.152,15,"In Opinion

Daniel Willingham writes: ""There‚Äôs no good scientific evidence that learning styles actually exist."" https://t.co/TwvXDRfPZQ",@nytimes
415,0.0,Fri Oct 05 03:32:01 +0000 2018,1.0,0.0,0.0,16,Judge Brett Kavanaugh‚Äôs op-ed in The Wall Street Journal appeared to be aimed at a handful of lawmakers who remaine‚Ä¶ https://t.co/wsA0ikocCF,@nytimes
416,0.4215,Fri Oct 05 03:17:04 +0000 2018,0.882,0.0,0.118,17,"RT @NYTObits: When a deadly blizzard hit Nebraska in 1888, a teacher used quick thinking to get her students to safety. Read Minnie Freeman‚Ä¶",@nytimes
417,0.7906,Fri Oct 05 03:02:05 +0000 2018,0.731,0.0,0.269,18,"In an unusual rebuke from a former member of the Supreme Court, Justice John Paul Stevens said that Judge Brett Kav‚Ä¶ https://t.co/dg2RyXPdH5",@nytimes
418,0.6833,Fri Oct 05 02:51:03 +0000 2018,0.796,0.0,0.204,19,RT @jakesilverstein: Rollout of @NYTmag Culture Issue continues today with this beautiful profile of @BarryJenkins by @angelaflournoy (w/ p‚Ä¶,@nytimes
419,0.0772,Fri Oct 05 02:47:04 +0000 2018,0.933,0.0,0.067,20,"10 women are running for New York‚Äôs State Senate against another female candidate, the highest number of two-woman‚Ä¶ https://t.co/swlyIMETem",@nytimes
420,0.0,Fri Oct 05 02:30:06 +0000 2018,1.0,0.0,0.0,21,"Senator Orrin Hatch, shielded by aides, waved a protester off, telling her and others that he would talk to them ‚Äúw‚Ä¶ https://t.co/JCbZ8RVl0L",@nytimes
421,0.1774,Fri Oct 05 02:17:02 +0000 2018,0.705,0.112,0.183,22,"RT @nytopinion: There is clear, substantial evidence that Brett Kavanaugh has not been honest throughout his confirmation process. But cons‚Ä¶",@nytimes
422,0.1779,Fri Oct 05 02:02:01 +0000 2018,0.898,0.0,0.102,23,What's one of the fastest growing sources of greenhouse gas emissions? A new report says plastics. https://t.co/p92EDjjX2w,@nytimes
423,0.0772,Fri Oct 05 01:47:02 +0000 2018,0.796,0.095,0.109,24,Elon Musk took to Twitter less than a week after settling the Securities and Exchange Commission's lawsuit against‚Ä¶ https://t.co/kzBve0527a,@nytimes
424,0.0,Fri Oct 05 01:33:03 +0000 2018,1.0,0.0,0.0,25,RT @jwpetersNYT: ‚ÄúThis is a dry run for the impeachment.‚Äù The right tries to keep the base on edge over Kavanaugh. But does it last if he g‚Ä¶,@nytimes
425,-0.5423,Fri Oct 05 01:24:02 +0000 2018,0.757,0.243,0.0,26,"Osaka, Japan, officially severed a sister-city partnership with San Francisco in protest of a ‚Äúcomfort women‚Äù monum‚Ä¶ https://t.co/u1B7GYe3ec",@nytimes
426,0.6908,Fri Oct 05 01:11:06 +0000 2018,0.787,0.0,0.213,27,"RT @shamblanderson: I hung out for 2 days on the set of my favorite TV show, @nbcthegoodplace, and left liking it even more. I wrote about‚Ä¶",@nytimes
427,0.0,Fri Oct 05 01:02:05 +0000 2018,1.0,0.0,0.0,28,Evening Briefing: Here's what you need to know at the end of the day https://t.co/aTEwvgoVVx,@nytimes
428,-0.2263,Fri Oct 05 00:51:05 +0000 2018,0.888,0.112,0.0,29,"RT @hkbeech: When the earthquake came to Palu, Indonesia, entire neighborhoods disappeared under a bubbling sludge. https://t.co/POrBkxJecM",@nytimes
429,0.2263,Fri Oct 05 00:48:47 +0000 2018,0.881,0.0,0.119,30,Here's a list of early voting dates for the states that allow it [corrected typo] https://t.co/8MImT5BwcA,@nytimes
430,0.0,Fri Oct 05 00:32:03 +0000 2018,1.0,0.0,0.0,31,New York City officials said that they had joined state regulators in examining whether President Trump and his fam‚Ä¶ https://t.co/epk9F9w9J8,@nytimes
431,0.5859,Fri Oct 05 00:24:05 +0000 2018,0.847,0.0,0.153,32,RT @PamelaPaulNYT: Everything about this cover brings me joy. Just wait ‚Äòtil you read ‚Å¶@StephenKing‚Å©‚Äôs review. Just wait ‚Äòtil you read Tana‚Ä¶,@nytimes
432,-0.34,Fri Oct 05 00:17:04 +0000 2018,0.87,0.13,0.0,33,"A New Jersey Transit train leaving Manhattan derailed entering a tunnel under the Hudson River on Thursday evening,‚Ä¶ https://t.co/gtGkuWrOPn",@nytimes
433,0.34,Fri Oct 05 00:02:05 +0000 2018,0.897,0.0,0.103,34,It was the political equivalent of throwing an interception on the opening play of the game. A look at efforts to r‚Ä¶ https://t.co/AuPjeKUxUl,@nytimes
434,-0.1027,Thu Oct 04 23:47:05 +0000 2018,0.915,0.085,0.0,35,"The FBI investigation into Kavanaugh has ended. Here‚Äôs who was questioned, and who was not. https://t.co/6joKrA4TnW",@nytimes
435,0.0,Thu Oct 04 23:17:04 +0000 2018,1.0,0.0,0.0,36,RT @lauriegnyt: Americans used to vote at much higher rates - as high as 80% even in midterms. What changed? A big-picture look at our aili‚Ä¶,@nytimes
436,0.0,Thu Oct 04 23:06:06 +0000 2018,1.0,0.0,0.0,37,Evening Briefing: Here's what you need to know at the end of the day https://t.co/6hstvvVAwq,@nytimes
437,0.4522,Thu Oct 04 22:51:03 +0000 2018,0.871,0.0,0.129,38,It‚Äôs been called the most debauched outdoor party in Australia. But behind the drunken antics at the Deni Ute Muste‚Ä¶ https://t.co/YKU6HFRhfp,@nytimes
438,-0.4404,Thu Oct 04 22:37:04 +0000 2018,0.879,0.121,0.0,39,"""When you invest in a black woman, she brings her house, her block, her church and her story,"" said Glynda C. Carr,‚Ä¶ https://t.co/FMofIlt11i",@nytimes
439,0.7351,Thu Oct 04 22:33:04 +0000 2018,0.721,0.0,0.279,40,"This Greek-style broiled shrimp dish is ready in just 10 minutes, making it the perfect weeknight recipe https://t.co/dIkLqEQzM9",@nytimes
440,-0.4767,Thu Oct 04 22:20:51 +0000 2018,0.86,0.14,0.0,41,"At age 11, Lorena Barnum Sabbs tried to integrate a theater. She was arrested and locked in the Leesburg Stockade.‚Ä¶ https://t.co/OJqVcLRIsc",@nytimes
441,-0.4939,Thu Oct 04 22:15:40 +0000 2018,0.856,0.144,0.0,42,"Kayla and Kiana Blaine in Tallahassee, Florida, are fueled by a protectiveness and fear about the fate of black men‚Ä¶ https://t.co/pimtyL5RDb",@nytimes
442,0.0,Thu Oct 04 22:10:34 +0000 2018,1.0,0.0,0.0,43,"Kewyata Dice works as a nursing assistant in Americus, Georgia. She sat out the 2014 and 2016 elections, but has pr‚Ä¶ https://t.co/xDTl9e7Jbx",@nytimes
443,-0.481,Thu Oct 04 22:05:33 +0000 2018,0.87,0.13,0.0,44,"""We're trying to stir up the spirits of the folks who‚Äôve been turned off this damn process."" ‚Äî LaTosha Brown, in Gr‚Ä¶ https://t.co/zWuALjm8yM",@nytimes
444,0.4215,Thu Oct 04 22:01:08 +0000 2018,0.685,0.101,0.214,45,"The women are mobilizing in conservative states and districts, hoping to pull off upsets like Doug Jones‚Äôs Senate v‚Ä¶ https://t.co/v77msLedx4",@nytimes
445,0.0,Thu Oct 04 21:55:37 +0000 2018,1.0,0.0,0.0,46,"RT @maggieNYT: MAGA, Minnesota edition https://t.co/0BOuCY2FoL",@nytimes
446,-0.5574,Thu Oct 04 21:53:02 +0000 2018,0.874,0.126,0.0,47,"RT @NYTArchives: The singer Janis Joplin died on this day in 1970. The Times' obituary for her said she ""sang with more than her voice. Her‚Ä¶",@nytimes
447,0.0772,Thu Oct 04 21:41:00 +0000 2018,0.939,0.0,0.061,48,"‚ÄúI want to apologize,‚Äù the Facebook executive Joel Kaplan wrote last Friday in a note to staff. ‚ÄúI recognize this m‚Ä¶ https://t.co/JVd8V3Elkh",@nytimes
448,-0.3612,Thu Oct 04 21:31:04 +0000 2018,0.878,0.122,0.0,49,A Facebook executive's presence at last week's Kavanaugh hearing set off turmoil at the company. Its effort to stem‚Ä¶ https://t.co/Rajk8Q8KWi,@nytimes
449,0.4019,Thu Oct 04 21:21:52 +0000 2018,0.895,0.0,0.105,50,"RT @MikeIsaac: For the past week, Facebook employees have been in open internal revolt over a FB VP appearing in support of Judge Brett Kav‚Ä¶",@nytimes
450,0.0,Thu Oct 04 21:15:03 +0000 2018,1.0,0.0,0.0,51,"Dave Anderson, a sports columnist for The New York Times for more than 3 decades and the recipient of a Pulitzer Pr‚Ä¶ https://t.co/sQjsuTmNM2",@nytimes
451,0.3197,Thu Oct 04 21:13:05 +0000 2018,0.83,0.06,0.109,52,RT @JohnBranchNYT: So sorry to learn of the passing of longtime @NYTSports columnist Dave Anderson. He truly might be the only person in th‚Ä¶,@nytimes
452,0.4939,Thu Oct 04 21:07:56 +0000 2018,0.63,0.122,0.248,53,"Rev. Dr. William J. Barber II, a pastor and 2018 MacArthur ‚Äògenius‚Äô grant winner, is resurrecting the Poor People‚Äôs‚Ä¶ https://t.co/jIblrVKzQ9",@nytimes
453,0.6801,Thu Oct 04 20:50:04 +0000 2018,0.763,0.0,0.237,54,RT @gabrieldance: one thing that was particularly interesting about Fred and Donald‚Äôs relationship: Fred always let Donald take credit for‚Ä¶,@nytimes
454,0.34,Thu Oct 04 20:45:07 +0000 2018,0.906,0.0,0.094,55,"‚ÄúI‚Äôm not directing them. They are just giving me this thing. And sometimes you can look at an actor and see, Oh, th‚Ä¶ https://t.co/qtsBoKmsRy",@nytimes
455,-0.5719,Thu Oct 04 20:30:06 +0000 2018,0.793,0.207,0.0,56,RT @jwherrman: I‚Äôd argue we‚Äôve lost track of what kind of company Apple is. And maybe Apple has too https://t.co/uYv65BCaxL,@nytimes
456,-0.5859,Thu Oct 04 20:15:03 +0000 2018,0.769,0.231,0.0,57,"Kennedy Airport has long been a mess, with its disjointed terminals and countless delays. Now, officials have a $13‚Ä¶ https://t.co/gAAy2RIr7O",@nytimes
457,0.3612,Thu Oct 04 20:00:12 +0000 2018,0.898,0.0,0.102,58,"47% of voters who approve of President Trump say they feel like strangers in their own country.
44% of voters who d‚Ä¶ https://t.co/pffsXyBwHT",@nytimes
458,0.2023,Thu Oct 04 19:50:03 +0000 2018,0.904,0.0,0.096,59,Looking to stay on top of the news about Brett Kavanaugh and the FBI investigation? Start here. https://t.co/t0v3Twgazu,@nytimes
459,0.0,Thu Oct 04 19:35:06 +0000 2018,1.0,0.0,0.0,60,"Yer a museum exhibit, Harry
https://t.co/c500QvytUJ",@nytimes
460,0.6249,Thu Oct 04 19:30:03 +0000 2018,0.823,0.0,0.177,61,"RT @Emily_Baum: Today in ""possibly awesome, possibly biological warfare"": The Pentagon is working to engineer a system in which billions of‚Ä¶",@nytimes
461,-0.2023,Thu Oct 04 19:15:04 +0000 2018,0.909,0.091,0.0,62,"In Opinion,

Maria Gallagher, one of the protestors who confronted Senator Jeff Flake in the elevator, writes, ‚ÄúRec‚Ä¶ https://t.co/H1jiH2MvJg",@nytimes
462,-0.4019,Thu Oct 04 19:00:11 +0000 2018,0.881,0.119,0.0,63,"On Thursday, closing arguments were made in the case of the shooting of Laquan McDonald, a black teenager who was s‚Ä¶ https://t.co/lxM6K3audn",@nytimes
463,0.2263,Thu Oct 04 18:50:03 +0000 2018,0.773,0.092,0.135,64,"The Brooklyn-Queens Expressway, a detested but vital highway in New York, is falling apart and a 1.5-mile stretch o‚Ä¶ https://t.co/2lOm7xkG3K",@nytimes
464,0.4588,Thu Oct 04 18:40:10 +0000 2018,0.766,0.08,0.153,65,RT @julieturkewitz: Mia Love is the daughter of Haitian immigrants. She was the first black Republican woman elected to Congress. She has s‚Ä¶,@nytimes
465,0.0762,Thu Oct 04 18:34:06 +0000 2018,0.939,0.0,0.061,66,RT @karenyourish: Many who could have shed light on the allegations against Judge Kavanaugh were not questioned by the F.B.I. w/@TroyEricG‚Ä¶,@nytimes
466,-0.4939,Thu Oct 04 18:25:06 +0000 2018,0.849,0.151,0.0,67,"The Neanderthals probably infected modern humans with viruses, perhaps even an ancient form of HIV. But our extinct‚Ä¶ https://t.co/2XvK2XTfco",@nytimes
467,0.0,Thu Oct 04 18:10:07 +0000 2018,1.0,0.0,0.0,68,Lindsey Graham has been one of the biggest proponents of President Trump‚Äôs crackdown on China. But behind the scene‚Ä¶ https://t.co/kAXPQkULEY,@nytimes
468,-0.4215,Thu Oct 04 18:00:12 +0000 2018,0.887,0.113,0.0,69,"RT @halophoenix: Need some juice, but no time to charge your phone? @WhitsonGordon explains the fastest way to charge your phone, today in‚Ä¶",@nytimes
469,0.0,Thu Oct 04 17:45:07 +0000 2018,1.0,0.0,0.0,70,Lawmakers reviewed the FBI‚Äôs findings from an inquiry into Judge Brett Kavanaugh‚Äôs background. Here‚Äôs what senators‚Ä¶ https://t.co/6QZO552Uhs,@nytimes
470,0.0,Thu Oct 04 17:35:03 +0000 2018,1.0,0.0,0.0,71,"RT @Nate_Cohn: Minnesota 2, probably final. Craig (D) 51, Lewis (R, inc) 39
This seat was already thought to lean Democratic, but there's n‚Ä¶",@nytimes
471,-0.6124,Thu Oct 04 17:25:05 +0000 2018,0.625,0.279,0.096,72,Broken friendships. Lost teeth. There‚Äôs no one right way to grow up. So here are stories from people making mistake‚Ä¶ https://t.co/1bsI9lL2Lk,@nytimes
472,-0.1779,Thu Oct 04 17:10:06 +0000 2018,0.769,0.13,0.101,73,"He was miserable working at a law firm. So he decided to pursue comedy. A writer for the TV show ""Superstore"" share‚Ä¶ https://t.co/qeQj06W40i",@nytimes
473,0.34,Thu Oct 04 17:00:12 +0000 2018,0.893,0.0,0.107,74,"RT @MichaelPaulson: Hillary Clinton is coming to Broadway. As a character in a play. Here comes ""Hillary and Clinton,"" by Lucas Hnath, star‚Ä¶",@nytimes
474,0.5719,Thu Oct 04 16:50:07 +0000 2018,0.837,0.0,0.163,75,"36 Hours in Nashville: Flourishing art and food scenes, and musical venues that celebrate new voices are just a few‚Ä¶ https://t.co/MFLRYUn0x8",@nytimes
475,0.0,Thu Oct 04 16:45:05 +0000 2018,1.0,0.0,0.0,76,A new way to keep up with the 2018 campaign: Sign up to get messages from a Times political reporter. He‚Äôll even ta‚Ä¶ https://t.co/PKoBMv4jEC,@nytimes
476,0.6808,Thu Oct 04 16:32:50 +0000 2018,0.641,0.0,0.359,77,See the full list of the MacArthur ‚ÄúGenius‚Äù Grant winners here:  https://t.co/AmAzQON1fA,@nytimes
477,0.6808,Thu Oct 04 16:30:03 +0000 2018,0.728,0.0,0.272,78,"Meet the new MacArthur ‚Äúgenius‚Äù grant winners. The 25 recipients ‚Äî scientists, artists, a lawyer and a journalist ‚Äî‚Ä¶ https://t.co/O4SoUkxZEL",@nytimes
478,0.2263,Thu Oct 04 16:17:38 +0000 2018,0.773,0.092,0.135,79,Breaking News: 2 undecided GOP senators suggested they were satisfied with the FBI report on Brett Kavanaugh. Democ‚Ä¶ https://t.co/VIBbVjUdDJ,@nytimes
479,0.7964,Thu Oct 04 16:02:13 +0000 2018,0.717,0.0,0.283,80,"NBC gave Michael Schur total freedom. So the TV impresario made ""The Good Place,"" a sitcom that's also a profound w‚Ä¶ https://t.co/aPANEleDon",@nytimes
480,0.4854,Thu Oct 04 15:55:03 +0000 2018,0.804,0.0,0.196,81,"Barnes &amp; Noble announced that is considering putting itself up for sale, again. Shareholders are delighted but find‚Ä¶ https://t.co/V90Zo8cfq7",@nytimes
481,0.296,Thu Oct 04 15:25:05 +0000 2018,0.763,0.095,0.141,82,"RT @panphil: ‚ÄúIt‚Äôs difficult to explain what Q means exactly,‚Äù says one teahouse manager. But ‚Å¶@amyyqin‚Å© explains it in all its delicious g‚Ä¶",@nytimes
482,0.4939,Thu Oct 04 15:10:07 +0000 2018,0.856,0.0,0.144,83,"As senators read FBI interview transcripts, the White House is confident that the new background check on Judge Bre‚Ä¶ https://t.co/BZBegmkDQD",@nytimes
483,-0.0,Thu Oct 04 15:00:13 +0000 2018,0.744,0.107,0.149,84,RT @nytgraphics: A map of where China‚Äôs retaliatory tariffs threaten American jobs looks a lot like one that shows where voters backed Pres‚Ä¶,@nytimes
484,0.4939,Thu Oct 04 14:45:08 +0000 2018,0.826,0.0,0.174,85,"By the Book: If you want a book to better understand America, Andre Dubus III, the author of ‚ÄúGone So Long,‚Äù says,‚Ä¶ https://t.co/m196cMr18r",@nytimes
485,0.0,Thu Oct 04 14:34:27 +0000 2018,1.0,0.0,0.0,86,"RT @ScottShaneNYT: 3/ And according to the estimable @DarrenLinvill of Clemson University, it was then retweeted by 26 other Russian accoun‚Ä¶",@nytimes
486,0.0,Thu Oct 04 14:34:10 +0000 2018,1.0,0.0,0.0,87,"RT @ScottShaneNYT: 2/ Turns out that on December 19, 2016, the day the Electoral College confirmed Trump's victory, one of the Internet Res‚Ä¶",@nytimes
487,0.128,Thu Oct 04 14:33:50 +0000 2018,0.717,0.131,0.152,88,RT @ScottShaneNYT: 1/ Here's a remarkable update to the reconstruction of the Russian 2016 election attack I wrote with @MarkMazzettiNYT tw‚Ä¶,@nytimes
488,-0.5106,Thu Oct 04 14:31:06 +0000 2018,0.739,0.187,0.074,89,"Breaking News: Russian officers launched cyberattacks on inquiries into Russian doping, an ex-spy‚Äôs poisoning and t‚Ä¶ https://t.co/SlJLclQyXO",@nytimes
489,0.0,Thu Oct 04 14:30:13 +0000 2018,1.0,0.0,0.0,90,"In a video, Emmanuel Macron was seen as lecturing an out-of-work gardener to look harder for a job. ""If I crossed t‚Ä¶ https://t.co/AENktC7iSM",@nytimes
490,-0.8957,Thu Oct 04 14:15:07 +0000 2018,0.59,0.41,0.0,91,"RT @MarkLandler: Tensions with China are about to get worse: Mike Pence to deliver a blistering assault on Chinese aggression, predatory lo‚Ä¶",@nytimes
491,0.0,Thu Oct 04 14:00:10 +0000 2018,1.0,0.0,0.0,92,"RT @mikiebarb: On today‚Äôs Daily: the meaning and scope of the FBI investigation into Kavanaugh, which Senators will review this morning ‚Äî a‚Ä¶",@nytimes
492,-0.34,Thu Oct 04 13:44:02 +0000 2018,0.882,0.118,0.0,93,Jimmy Kimmel's show paused multiple times as an alarm blared and faux presidential alerts flashed across the screen‚Ä¶ https://t.co/Ioxsw7BWje,@nytimes
493,0.0,Thu Oct 04 13:30:16 +0000 2018,1.0,0.0,0.0,94,"""Too often, when 'alternative medicine' is used instead of standard medical treatments, it delays the use of remedi‚Ä¶ https://t.co/t8xD9NeSzW",@nytimes
494,0.0,Thu Oct 04 13:22:05 +0000 2018,1.0,0.0,0.0,95,"The most famous faces of the ‚Äô90s returned to the runways, bike shorts are here to stay ‚Äî and the beach was every d‚Ä¶ https://t.co/TwGULOxKmp",@nytimes
495,0.1354,Thu Oct 04 13:14:43 +0000 2018,0.806,0.085,0.109,96,"Trump has insisted that his father provided almost no financial help.

Our investigation, based on a trove of tax r‚Ä¶ https://t.co/c2h6iiHS5a",@nytimes
496,0.0772,Thu Oct 04 13:11:03 +0000 2018,0.929,0.0,0.071,97,"On Wednesday, some Senate Republicans were stepping up their efforts to challenge the credibility of Dr. Christine‚Ä¶ https://t.co/JT61eZgxG7",@nytimes
497,0.0,Thu Oct 04 13:00:09 +0000 2018,1.0,0.0,0.0,98,Morning¬†Briefing: Here's what you need to know to start your day https://t.co/v1iATGfjEm,@nytimes
498,0.0,Thu Oct 04 12:44:02 +0000 2018,1.0,0.0,0.0,99,"RT @stavernise: The last time half of eligible voters showed up in a midterm was 1914. Here is why.
https://t.co/8iYE3r1ix6",@nytimes
499,-0.3818,Thu Oct 04 12:30:04 +0000 2018,0.732,0.167,0.102,100,"A white mob rampaged through a wealthy black business district in Tulsa in 1921, in a spate of violence that left u‚Ä¶ https://t.co/IBegxKtnbQ",@nytimes
